time_days,exponential_kernel,humped_kernel
0.0,0.09,0.0
0.03706792697618386,0.08970025006938649,0.0011930141580962614
0.07413585395236771,0.0894014984723386,0.002370161187389361
0.11120378092855157,0.08910374188385163,0.0035315993628931034
0.14827170790473543,0.08880697698999512,0.004677485556245922
0.18533963488091929,0.08851120048787572,0.005807975247376467
0.22240756185710314,0.08821640908560065,0.0069232225360761025
0.25947548883328697,0.08792259950224086,0.008023380153479026
0.29654341580947086,0.0876297684677947,0.009108599473450756
0.33361134278565474,0.08733791272315139,0.01017903052388565
0.37067926976183857,0.0870470290200548,0.011234821997914209
0.4077471967380224,0.08675711412106735,0.012276121265020838
0.4448151237142063,0.08646816479953381,0.013303074382072774
0.48188305069039017,0.08618017783954564,0.01431582610426085
0.5189509776665739,0.08589315003590495,0.015314519895952802
0.5560189046427578,0.08560707819408898,0.016299297941459803
0.5930868316189417,0.08532195913021451,0.017270301155716865
0.6301547585951256,0.08503778967100241,0.0182276691948778
0.6672226855713095,0.08475456665374231,0.019171540466825426
0.7042906125474933,0.08447228692625748,0.020102052141597618
0.7413585395236771,0.0841909473468696,0.021019340161729946
0.778426466499861,0.08391054478436395,0.021923539252515428
0.8154943934760448,0.08363107611795446,0.022814782932182164
0.8525623204522287,0.08335253823724904,0.02369320352198943
0.8896302474284126,0.08307492804221488,0.024558932156242847
0.9266981744045965,0.08279824244314406,0.025412098792229307
0.9637661013807803,0.08252247836061903,0.02625283222007225
1.0008340283569641,0.0822476327254785,0.02708126007250789
1.0379019553331479,0.08197370247878309,0.027897508834583095
1.0749698823093319,0.08170068457178147,0.028701703853275383
1.1120378092855157,0.08142857596587628,0.02949396934703579
1.1491057362616997,0.08115737363259043,0.03027442841525514
1.1861736632378834,0.08088707455353329,0.031043203047654268
1.2232415902140672,0.08061767572036718,0.031800414133598916
1.2603095171902512,0.08034917413477383,0.03254618147133975
1.297377444166435,0.08008156680842106,0.033280623777178185
1.334445371142619,0.07981485076292945,0.034003858694558534
1.3715132981188027,0.0795490230298393,0.03471600280308708
1.4085812250949865,0.07928408065057745,0.03541717162747864
1.4456491520711705,0.0790200206764245,0.03610747964643124
1.4827170790473543,0.07875684016848189,0.036787040301429284
1.519785006023538,0.07849453619763921,0.03745596600547601
1.556852932999722,0.07823310584454166,0.038114368151755625
1.5939208599759058,0.07797254619955744,0.038762357122225734
1.6309887869520896,0.0777128543627455,0.03940004229614054
1.6680567139282736,0.07745402744382317,0.04002753205850551
1.7051246409044574,0.07719606256213404,0.04064493380846379
1.7421925678806414,0.07693895684661588,0.0412523539676152
1.7792604948568251,0.07668270743576869,0.04184989798826805
1.816328421833009,0.07642731147762284,0.04243767036162452
1.853396348809193,0.07617276612970734,0.04301577462590005
1.8904642757853767,0.07591906855901827,0.043584313374377126
1.9275322027615607,0.07566621594198708,0.04414338826339429
1.9646001297377444,0.07541420546444935,0.044693100020270465
2.0016680567139282,0.07516303432161334,0.0452335484511655
2.038735983690112,0.07491269971802886,0.045764832448877156
2.0758039106662958,0.07466319886755611,0.046287050000575126
2.11287183764248,0.07441452899333463,0.04680029819547267
2.1499397646186638,0.07416668732775256,0.04730467323243613
2.1870076915948475,0.0739196711124156,0.047800270427533105
2.2240756185710313,0.0736734775981165,0.048287184221519466
2.261143545547215,0.07342810404480438,0.048765508187265924
2.2982114725233993,0.07318354772155426,0.04923533503712451
2.335279399499583,0.07293980590653665,0.04969675663023542
2.372347326475767,0.07269687588698724,0.05014986397977482
2.4094152534519506,0.07245475495917678,0.05059474726014388
2.4464831804281344,0.07221344042838089,0.05103149581409971
2.4835511074043186,0.07197292960885011,0.05146019815982846
2.5206190343805024,0.07173321982378009,0.05188094199796118
2.557686961356686,0.07149430840528163,0.052293814218532804
2.59475488833287,0.07125619269435116,0.05269890090788475
2.6318228153090537,0.07101887004084101,0.05309628735551158
2.668890742285238,0.07078233780342999,0.05348605806085206
2.7059586692614217,0.07054659334959401,0.053868296740025245
2.7430265962376055,0.0703116340555767,0.05424308633251185
2.7800945232137892,0.07007745730636024,0.054610509007781395
2.817162450189973,0.06984406049563634,0.05497064617186562
2.854230377166157,0.0696114410257771,0.05532357847387841
2.891298304142341,0.06937959630780619,0.05566938581248285
2.928366231118525,0.06914852376136998,0.05600814734230575
2.9654341580947086,0.06891822081470893,0.0563399414803
3.0025020850708923,0.06868868490462876,0.056664845912055214
3.039570012047076,0.06845991347647216,0.056982937598057115
3.0766379390232603,0.06823190398409017,0.057294292779895895
3.113705865999444,0.06800465388981397,0.05759898698642423
3.150773792975628,0.06777816066442657,0.057897095039865065
3.1878417199518116,0.06755242178713466,0.058188691061869684
3.2249096469279954,0.06732743474554059,0.058473848479526615
3.261977573904179,0.06710319703561436,0.0587526400313213
3.2990455008803634,0.06687970616166582,0.05902513777304757
3.336113427856547,0.06665695963631682,0.05929141308367064
3.373181354832731,0.06643495498047357,0.059551536671142546
3.4102492818089147,0.06621368972329904,0.05980557857816997
3.4473172087850985,0.06599316140218546,0.060053608187935245
3.4843851357612827,0.0657733675627269,0.06029569422977045
3.5214530627374665,0.06555430575869198,0.06053190478478542
3.5585209897136503,0.0653359735519966,0.06076230729144971
3.595588916689834,0.06511836851267687,0.060986968551128944
3.632656843666018,0.06490148821886199,0.06120595473357606
3.669724770642202,0.06468533025674736,0.06141933138237764
3.706792697618386,0.06446989222056769,0.06162716342035569
3.7438606245945696,0.0642551717125702,0.0618295151549254
3.7809285515707534,0.06404116634298797,0.06202645028340889
3.817996478546937,0.06382787373001332,0.06221803189830578
3.8550644055231214,0.06361529149977134,0.06240432249252027
3.892132332499305,0.06340341728629341,0.0625853839645459
3.929200259475489,0.0631922487314909,0.06276127762360739
3.9662681864516727,0.06298178348512896,0.06293206419476081
4.0033361134278564,0.06277201920480027,0.06309780382395166
4.040404040404041,0.06256295355589908,0.0632585560830317
4.077471967380224,0.06235458421159513,0.0634143799747345
4.114539894356408,0.062146908852807804,0.06356533393761044
4.1516078213325915,0.061939925168180344,0.063711475850921
4.188675748308776,0.06173363085405404,0.0638528630394931
4.22574367528496,0.061528023614442685,0.06398955227853337
4.262811602261143,0.06132310116100697,0.06412159979840325
4.2998795292373275,0.061118861213029015,0.06424906128935451
4.336947456213511,0.060915301497387,0.06437199190622621
4.374015383189695,0.06071241974852987,0.06449044627310287
4.411083310165879,0.0605102137084521,0.06460447848793444
4.448151237142063,0.06030868112666859,0.06471414212711822
4.485219164118247,0.060107819760189585,0.06481949025004333
4.52228709109443,0.059907627373495746,0.06492057540359741
4.559355018070614,0.05970810173851326,0.0650174496266367
4.596422945046799,0.059509240634589,0.06511016445441897
4.633490872022982,0.0593110418484659,0.06519877092300014
4.670558798999166,0.05911350317425821,0.06528331957359465
4.7076267259753495,0.058916622413427044,0.06536386045689993
4.744694652951534,0.05872039737475587,0.06544044313738519
4.781762579927718,0.05852482587432609,0.06551311669754491
4.818830506903901,0.05832990573549281,0.06558192974211724
4.8558984338800855,0.058135634788860524,0.06564693040226764
4.892966360856269,0.05794201087225905,0.06570816633973794
4.930034287832453,0.05774903183071942,0.06576568475096126
4.967102214808637,0.057556695516449936,0.06581953237114274
5.004170141784821,0.05736499978881218,0.06586975547830702
5.041238068761005,0.0571739425142973,0.06591639989731166
5.078305995737188,0.05698352156650218,0.06595951100382802
5.115373922713372,0.056793734826105835,0.06599913372828878
5.1524418496895565,0.05660458018084576,0.06603531255980305
5.18950977666574,0.05641605552549449,0.06606809155003907
5.226577703641924,0.05622815876183611,0.06609751431707472
5.263645630618107,0.05604088779864294,0.06612362404921619
5.300713557594292,0.05585424055165226,0.0661464635087851
5.337781484570476,0.055668214943543064,0.06616607503587416
5.374849411546659,0.05548280890391302,0.06618250055207174
5.411917338522843,0.05529802036925536,0.06619578156415573
5.448985265499027,0.055113847282935946,0.06620595916775646
5.486053192475211,0.05493028759517035,0.06621307405098956
5.523121119451394,0.05474733926300111,0.0662171664980585
5.5601890464275785,0.054565000250274914,0.06621827639282739
5.597256973403763,0.05438326852761997,0.06621644322236386
5.634324900379946,0.054202142072423416,0.06621170608045286
5.67139282735613,0.054021618868808845,0.06620410367108104
5.708460754332314,0.05384169690761381,0.06619367431189219
5.745528681308498,0.05366237418636747,0.06618045593761412
5.782596608284682,0.05348364870926837,0.0661644861034569
5.819664535260865,0.053305518487162154,0.06614580198848288
5.85673246223705,0.05312798153751946,0.06612444039894864
5.893800389213233,0.05295103588441383,0.06610043777161922
5.930868316189417,0.05277467955849976,0.06607383017705469
5.967936243165601,0.05259891059699077,0.06604465332286931
6.005004170141785,0.0524237270436375,0.06601294255696359
6.042072097117969,0.052249126948706044,0.06597873287072947
6.079140024094152,0.052075108368956166,0.06594205890222868
6.116207951070336,0.051901669367619654,0.06590295493934456
6.153275878046521,0.051728808014378895,0.06586145492290778
6.190343805022704,0.051556522385345256,0.06581759244979574
6.227411731998888,0.05138481056303768,0.06577140077600628
6.2644796589750715,0.05121367063636149,0.06572291281970558
6.301547585951256,0.051043100700586916,0.06567216116425073
6.33861551292744,0.05087309885732804,0.06561917806118694
6.375683439903623,0.05070366321452162,0.06556399543321968
6.4127513668798075,0.05053479188640604,0.06550664487716207
6.449819293855991,0.05036648299350029,0.06544715766685755
6.486887220832175,0.050198734662583094,0.06538556475607801
6.523955147808358,0.05003154502667205,0.06532189678139792
6.561023074784543,0.04986491222500281,0.06525618406504392
6.598091001760727,0.04969883440300845,0.0651884566177211
6.63515892873691,0.049533309712298745,0.0651187441414152
6.672226855713094,0.04936833631063965,0.0650470760321714
6.709294782689278,0.049203912361932785,0.06497348138284986
6.746362709665462,0.049040036036194994,0.06489798898585819
6.783430636641646,0.04887670550953796,0.06482062733586079
6.8204985636178295,0.04871391896414796,0.06474142463246567
6.857566490594014,0.04855167458826558,0.06466040878288858
6.894634417570197,0.048389970576165564,0.0645776074045947
6.931702344546381,0.04822880512813673,0.06449304782791829
6.9687702715225655,0.04806817645046194,0.06440675709866013
7.005838198498749,0.04790808275539814,0.06431876198066336
7.042906125474933,0.0477485222611564,0.06422908895836726
7.079974052451116,0.047589493191882194,0.06413776423933998
7.1170419794273005,0.04743099377763555,0.06404481375678957
7.154109906403485,0.047273022254371376,0.0639502631720541
7.191177833379668,0.047115576863919845,0.06385413787707062
7.228245760355852,0.04695865585396679,0.06375646299682351
7.265313687332036,0.046802257478034244,0.06365726339177191
7.30238161430822,0.04664637999546096,0.06355656366025692
7.339449541284404,0.046491021671383075,0.06345438814088838
7.376517468260587,0.04633618077671477,0.06335076091491144
7.413585395236772,0.046181855588129046,0.06324570580855324
7.450653322212955,0.046028044388038564,0.06313924639534974
7.487721249189139,0.045874745464576455,0.06303140599845278
7.524789176165323,0.04572195711157736,0.06292220769291784
7.561857103141507,0.045569677628558375,0.06281167430797215
7.598925030117691,0.045417905320700155,0.06269982842926397
7.635992957093874,0.04526663849882805,0.06258669240109245
7.6730608840700585,0.045115875479393275,0.062472288328618834
7.710128811046243,0.044965614584454215,0.06235663808005898
7.747196738022426,0.044815854141657736,0.06223976328885705
7.78426466499861,0.04466659248422055,0.06212168535584095
7.821332591974794,0.04451782795091071,0.062002425451359554
7.858400518950978,0.04436955888602905,0.061882004517401466
7.895468445927161,0.044221783639390846,0.061760443269696215
7.932536372903345,0.04407450056630738,0.06163776219979728
7.96960429987953,0.04392770802756765,0.06151398157714759
8.006672226855713,0.04378140438942017,0.06138912145112734
8.043740153831896,0.04363558802355473,0.061263201653084576
8.080808080808081,0.043490257307084286,0.061136241798348236
8.117876007784265,0.04334541062252694,0.06100826128822437
8.154943934760448,0.043201046357787876,0.06087927931197511
8.192011861736633,0.043057162906141457,0.06074931484878093
8.229079788712816,0.04291375866621335,0.06061838666968613
8.266147715689,0.042770832041962664,0.060486513339527676
8.303215642665183,0.04262838144266423,0.06035371321884781
8.340283569641368,0.04248640528289085,0.060220004465790004
8.377351496617552,0.0423449019824957,0.06008540503797906
8.414419423593735,0.042203869966594726,0.05994993269438495
8.45148735056992,0.042063307665549075,0.05981360499717081
8.488555277546103,0.04192321351494772,0.05967643931352511
8.525623204522287,0.04178358595558994,0.05953845281747824
8.562691131498472,0.04164442343346803,0.05939966249170335
8.599759058474655,0.041505724399750026,0.059260085129302136
8.636826985450838,0.04136748731076238,0.05911973733557494
8.673894912427022,0.04122971062797288,0.05897863552977598
8.710962839403207,0.04109239281797344,0.05883679594685339
8.74803076637939,0.0409555323524631,0.05869423463917441
8.785098693355573,0.040819127708231005,0.05855096747823582
8.822166620331759,0.04068317736713938,0.058407010156359504
8.859234547307942,0.040547679816106755,0.058262378188373744
8.896302474284125,0.04041263354709102,0.05811708691327988
8.93337040126031,0.040278037057072696,0.05797115149590467
8.970438328236494,0.04014388884803819,0.05782458692853855
9.007506255212677,0.040010187426963134,0.0576774080325597
9.04457418218886,0.03987693130579575,0.057529629460044154
9.081642109165045,0.03974411900144029,0.05738126569536221
9.118710036141229,0.03961174903574055,0.05723233105676081
9.155777963117412,0.03947981993546342,0.05708283969793256
9.192845890093597,0.03934833023228243,0.05693280560957101
9.22991381706978,0.039217278462761504,0.05678224262091277
9.266981744045964,0.03908666316833859,0.05663116440126611
9.304049671022149,0.038956482895309445,0.05647958446152637
9.341117597998332,0.0388267361948115,0.056327516155678534
9.378185524974516,0.0386974216228077,0.056174972682286516
9.415253451950699,0.03856853774007039,0.05602196708596977
9.452321378926884,0.03844008311216538,0.05586851225886706
9.489389305903067,0.03831205630943596,0.05571462094208762
9.52645723287925,0.038184455906986915,0.05556030572714972
9.563525159855436,0.03805728048466877,0.05540557905740674
9.60059308683162,0.0379305286270619,0.05525045322946099
9.637661013807802,0.037804198923460854,0.055094940394565195
9.674728940783986,0.03767828996785856,0.05493905256001188
9.711796867760171,0.03755280035893077,0.05478280159051067
9.748864794736354,0.037427728700020424,0.05462619920955366
9.785932721712538,0.03730307359912207,0.05446925700076889
9.823000648688723,0.037178833668866436,0.054311986409262186
9.860068575664906,0.03705500752650495,0.05415439874294714
9.89713650264109,0.03693159379389437,0.05399650517386371
9.934204429617274,0.03680859109748141,0.05383831673948523
9.971272356593458,0.036685998068287526,0.05367984434401417
10.008340283569641,0.036563813341893577,0.05352109875966644
10.045408210545824,0.03644203555842472,0.05336209062794464
10.08247613752201,0.03632066336253524,0.05320283046090021
10.119544064498193,0.03619969540339352,0.05304332864238452
10.156611991474376,0.036079130334666885,0.05288359542928901
10.193679918450561,0.03595896681450675,0.05272364095277463
10.230747845426745,0.03583920350553362,0.05256347521949044
10.267815772402928,0.035719839074822214,0.052403108112781586
10.304883699379113,0.03560087219388662,0.05224254939388677
10.341951626355296,0.035482301538665544,0.052081808703125156
10.37901955333148,0.03536412578950752,0.051920895561072905
10.416087480307663,0.035246343631156286,0.05175981936972957
10.453155407283848,0.03512895375273608,0.05159858941367396
10.490223334260032,0.03501195484773711,0.051437214861210265
10.527291261236215,0.034895345614000976,0.05127570476550369
10.5643591882124,0.03477912475370618,0.05111406806570656
10.601427115188583,0.03466329097335373,0.05095231358807428
10.638495042164767,0.034547842983752644,0.050790450047071466
10.675562969140952,0.034432779500005686,0.05062848604646856
10.712630896117135,0.03431809924149506,0.050466430080428656
10.749698823093318,0.03420380093186811,0.050304290534584746
10.786766750069502,0.03408988329902317,0.050142075687107615
10.823834677045687,0.03397634507509534,0.049979793709764214
10.86090260402187,0.03386318499644245,0.049817452668966734
10.897970530998053,0.03375040180363095,0.04965506052681254
10.935038457974239,0.03363799424142188,0.0494926251421147
10.972106384950422,0.03352596105875696,0.049330154271423704
11.009174311926605,0.03341430100874459,0.04916765557003991
11.046242238902789,0.03330301284864604,0.049005136593017265
11.083310165878974,0.033192095339861574,0.04884260479615793
11.120378092855157,0.03308154724791668,0.048680067536998335
11.15744601983134,0.03297136734244835,0.04851753207578635
11.194513946807525,0.032861554397191337,0.048355005576449825
11.231581873783709,0.03275210718996457,0.04819249510755666
11.268649800759892,0.03264302450265748,0.04803000764326619
11.305717727736077,0.03253430512121652,0.04786755006427234
11.34278565471226,0.0324259478356316,0.04770512915873823
11.379853581688444,0.03231795143992264,0.04754275162322256
11.416921508664627,0.032210314732126114,0.047380424063597756
11.453989435640812,0.03210303651428174,0.047218152995959994
11.491057362616996,0.03199611559241909,0.04705594484753112
11.528125289593179,0.03188955077654432,0.04689380595755239
11.565193216569364,0.03178334088062693,0.046731742578170546
11.602261143545547,0.03167748472258657,0.04656976087531577
11.63932907052173,0.03157198112427985,0.04640786692957186
11.676396997497916,0.03146682891148725,0.04624606673703867
11.7134649244741,0.03136202691390009,0.04608436621018688
11.750532851450282,0.031257573965107414,0.04592277117870507
11.787600778426466,0.03115346890258312,0.045761287390339335
11.824668705402651,0.031049710567672906,0.04559992051172517
11.861736632378834,0.030946297805581474,0.045438676129212235
11.898804559355018,0.03084322946535962,0.04527755974968142
11.935872486331203,0.030740504399891417,0.04511657680135482
11.972940413307386,0.030638121465881518,0.04495573263459838
12.01000834028357,0.030536079523842338,0.04479503252271725
12.047076267259753,0.03043437743808145,0.0446344816627442
12.084144194235938,0.030333014076688897,0.04447408517622075
12.121212121212121,0.030231988311524616,0.04431384810997144
12.158280048188304,0.030131299018205868,0.04415377543687104
12.19534797516449,0.030030945076094738,0.04399387205660492
12.232415902140673,0.029930925368285656,0.043834142796422546
12.269483829116856,0.029831238781592977,0.04367459241188427
12.306551756093041,0.02973188420653856,0.04351522558760118
12.343619683069225,0.029632860537339472,0.04335604693796859
12.380687610045408,0.029534166671895623,0.04319706100789258
12.417755537021591,0.02943580151177753,0.04303827227351031
12.454823463997776,0.02933776396221411,0.042879685142903516
12.49189139097396,0.029240052932080454,0.042721303956805796
12.528959317950143,0.02914266733388572,0.0425631329893034
12.566027244926328,0.029045606083761003,0.042405176448529605
12.603095171902511,0.02894886810144729,0.04224743847735298
12.640163098878695,0.028852452310283428,0.04208992315405924
12.67723102585488,0.02875635763719413,0.04193263449302699
12.714298952831063,0.02866058301267806,0.04177557644539744
12.751366879807247,0.028565127370795928,0.041618752899737835
12.78843480678343,0.028469989649158575,0.04146216768269897
12.825502733759615,0.028375168788915217,0.041305824559666714
12.862570660735798,0.028280663734741623,0.041149727235407725
12.899638587711982,0.028186473434828378,0.040993879354709
12.936706514688167,0.028092596840869163,0.04083828450301188
12.97377444166435,0.027999032908049122,0.040682946207040126
13.010842368640533,0.02790578059503321,0.04052786793542239
13.047910295616717,0.027812838863954588,0.040373053099308755
13.084978222592902,0.027720206680403085,0.040218505052981954
13.122046149569085,0.027627883013413727,0.04006422709446281
13.159114076545269,0.027535866835455187,0.03991022246611018
13.196182003521454,0.0274441571224184,0.03975649435521542
13.233249930497637,0.027352752853605174,0.03960304589459141
13.27031785747382,0.027261653011716774,0.039449880163156134
13.307385784450005,0.02717085658284265,0.03929700018651097
13.344453711426189,0.027080362556449137,0.039144408937513656
13.381521638402372,0.02699016992536821,0.03899210933684595
13.418589565378555,0.02690027768578625,0.038840104253576105
13.45565749235474,0.026810684837232934,0.038688396505716226
13.492725419330924,0.026721390382570043,0.03853698886077439
13.529793346307107,0.026632393327980362,0.03838588403630171
13.566861273283292,0.026543692682956654,0.03823508470043441
13.603929200259476,0.02645528746029063,0.03808459347243091
13.640997127235659,0.026367176676061938,0.0379344129232038
13.678065054211844,0.026279359349627236,0.037784545575847144
13.715132981188027,0.02619183450360926,0.037634993906158674
13.75220090816421,0.026104601163885965,0.03748576034315729
13.789268835140394,0.026017658359579657,0.037336847269595706
13.82633676211658,0.025931005123046216,0.037188257022468425
13.863404689092762,0.025844640489864314,0.03703999189351495
13.900472616068946,0.02575856349882467,0.036892054129718244
13.937540543045131,0.025672773191919383,0.03674444593379878
13.974608470021314,0.02558726861433123,0.03659716946470376
14.011676396997498,0.02550204881442307,0.036450226838091904
14.048744323973683,0.025417112843727233,0.036303620126813756
14.085812250949866,0.025332459756934985,0.036157351361387466
14.12288017792605,0.025248088611885974,0.03601142253047009
14.159948104902233,0.0251639984695578,0.03586583558132467
14.197016031878418,0.025080188394055486,0.03572059242028265
14.234083958854601,0.02499665745260114,0.03557569491320235
14.271151885830784,0.024913404715523516,0.03543114488592281
14.30821981280697,0.024830429256247687,0.03528694412471358
14.345287739783153,0.02474773015128476,0.03514309437672031
14.382355666759336,0.024665306480221545,0.034999597350406
14.41942359373552,0.02458315732571036,0.03485645471598834
14.456491520711705,0.02450128177345878,0.03471366810587269
14.493559447687888,0.024419678912219495,0.03457123911508121
14.530627374664071,0.024338347833780145,0.034429169301677866
14.567695301640256,0.02425728763295322,0.034287460187189374
14.60476322861644,0.024176497407566003,0.03414611325702234
14.641831155592623,0.024095976258450506,0.034005129960876304
14.678899082568808,0.02401572328943345,0.03386451171315294
14.715967009544991,0.02393573760732633,0.03372425989336152
14.753034936521175,0.02385601832191546,0.03358437584652029
14.790102863497358,0.02377656454595203,0.033444860883554285
14.827170790473543,0.023697375395142294,0.03330571628168928
14.864238717449727,0.023618449988137672,0.033166943284842
14.90130664442591,0.023539787446524976,0.03302854310400669
14.938374571402095,0.023461386894816617,0.03289051691763788
14.975442498378278,0.02338324746044087,0.03275286587202974
15.012510425354462,0.023305368273732148,0.0326155910816916
15.049578352330647,0.023227748467921333,0.03247869362972
15.08664627930683,0.023150387179126136,0.03234217456816729
15.123714206283013,0.023073283546341486,0.03220603491840654
15.160782133259197,0.02299643671142992,0.03207027567149305
15.197850060235382,0.02291984581911204,0.031934897788522404
15.234917987211565,0.022843510016957034,0.031799902200985206
15.271985914187749,0.022767428455373134,0.03166528981111817
15.309053841163934,0.022691600287598177,0.03153106149225212
15.346121768140117,0.02261602466969021,0.03139721808915652
15.3831896951163,0.022540700760518076,0.03126376041838069
15.420257622092485,0.022465627721752018,0.031130689268591787
15.457325549068669,0.022390804717854422,0.03099800540090954
15.494393476044852,0.022316230916070455,0.03086570954923775
15.531461403021035,0.02224190548641882,0.030733802420592572
15.56852932999722,0.02216782760168253,0.030602284695427747
15.605597256973404,0.022093996437399687,0.030471157027956552
15.642665183949587,0.022020411171854295,0.030340420046470692
15.679733110925772,0.021947070986067137,0.03021007435365617
15.716801037901956,0.021873975063786664,0.030080120526906076
15.753868964878139,0.02180112259147987,0.029950559118630267
15.790936891854322,0.021728512758323288,0.02982139065656213
15.828004818830507,0.021656144756193933,0.02969261564406242
15.86507274580669,0.021584017779660323,0.029564234560419993
15.902140672782874,0.02151213102597351,0.029436247861149734
15.93920859975906,0.02144048369505813,0.029308655978287534
15.976276526735242,0.021369074989503536,0.0291814593206825
16.013344453711426,0.021297904114554886,0.02905465827428611
16.05041238068761,0.021226970278104322,0.02892825320243878
16.087480307663792,0.021156272690682147,0.02880224444615348
16.124548234639978,0.021085810565448008,0.02867663232439657
16.161616161616163,0.021015583118182204,0.028551417134366052
16.198684088592344,0.020945589567276903,0.028426599151766905
16.23575201556853,0.02087582913372746,0.02830217863108381
16.272819942544714,0.020806301041123746,0.028178155805851198
16.309887869520896,0.020737004515641522,0.028054530888920657
16.34695579649708,0.020667938786033797,0.02793130407272563
16.384023723473266,0.020599103083622266,0.02780847552954363
16.421091650449448,0.020530496642288763,0.02768604541175577
16.458159577425633,0.020462118698466685,0.02756401385210374
16.495227504401818,0.020393968491132567,0.027442380963944333
16.532295431378,0.02032604526179756,0.027321146841501366
16.569363358354185,0.020258348254498997,0.027200311560115126
16.606431285330366,0.020190876715792002,0.027079875176489385
16.64349921230655,0.020123629894741063,0.02695983772893586
16.680567139282736,0.020056607042911727,0.026840199237616432
16.717635066258918,0.019989807414362227,0.026720959704782766
16.754702993235103,0.0199232302656352,0.02660211911501365
16.791770920211288,0.019856874855749412,0.02648367743544994
16.82883884718747,0.019790740446191512,0.02636563461602718
16.865906774163655,0.019724826300907782,0.026247990589705852
16.90297470113984,0.019659131686296,0.026130745272699405
16.94004262811602,0.019593655871197234,0.026013898564699937
16.977110555092207,0.01952839812688772,0.025897450349101615
17.01417848206839,0.019463357727070748,0.025781400493221893
17.051246409044573,0.019398533947868588,0.025665748848520527
17.08831433602076,0.019333926067814394,0.02555049525081623
17.125382262996943,0.01926953336784424,0.02543563952050142
17.162450189973125,0.019205355131289067,0.025321181462754545
17.19951811694931,0.01914139064386672,0.02520712086775043
17.236586043925495,0.019077639193673997,0.02509345751086838
17.273653970901677,0.019014100071178746,0.024980191152898314
17.310721897877862,0.018950772569211922,0.02486732154024467
17.347789824854043,0.01888765598295978,0.024754848405128392
17.38485775183023,0.018824749609955956,0.02464277146578665
17.421925678806414,0.018762052750073727,0.024531090426670826
17.458993605782595,0.018699564705518156,0.024419804978642233
17.49606153275878,0.01863728478081836,0.024308914799165932
17.533129459734965,0.018575212282819754,0.024198419552502622
17.570197386711147,0.01851334652067636,0.024088318889898482
17.607265313687332,0.018451686805843064,0.023978612449773097
17.644333240663517,0.018390232452068025,0.02386929985790554
17.6814011676397,0.01832898277538499,0.02376038072761843
17.718469094615884,0.01826793709410568,0.023651854659960145
17.75553702159207,0.018207094728812233,0.023543721243885218
17.79260494856825,0.018146455002349633,0.0234359800564328
17.829672875544436,0.018086017239818127,0.02332863066290328
17.86674080252062,0.018025780768565793,0.02322167261703317
17.903808729496802,0.017965744918181,0.023115105461168118
17.940876656472987,0.017905909020484948,0.0230089287264341
17.97794458344917,0.017846272409524265,0.022903141932906948
18.015012510425354,0.017786834421563546,0.022797744589779973
18.05208043740154,0.017727594395078018,0.02269273619552999
18.08914836437772,0.017668551670746147,0.02258811623808155
18.126216291353906,0.01760970559144229,0.022483884194969425
18.16328421833009,0.01755105550222941,0.022380039533499443
18.200352145306272,0.01749260075035178,0.02227658171090768
18.237420072282458,0.017434340685227697,0.022173510174517904
18.274487999258643,0.01737627465844226,0.02207082436189744
18.311555926234824,0.017318402023740166,0.02196852370101135
18.34862385321101,0.017260722137018465,0.021866607610374997
18.385691780187194,0.017203234356319465,0.0217650754992051
18.422759707163376,0.017145938041823527,0.021663926767569043
18.45982763413956,0.01708883255584197,0.021563160806532707
18.496895561115746,0.01703191726280998,0.02146277699830675
18.533963488091928,0.016975191529279517,0.021362774716391295
18.571031415068113,0.016918654723912265,0.02126315332571905
18.608099342044298,0.016862306217472638,0.021163912182797052
18.64516726902048,0.016806145382820742,0.02106505063584676
18.682235195996665,0.016750171594905397,0.0209665680249427
18.719303122972846,0.016694384230757215,0.02086846368214969
18.75637104994903,0.016638782669481607,0.02077073693165848
18.793438976925216,0.016583366292251937,0.020673387089920097
18.830506903901398,0.016528134482302597,0.020576413465778626
18.867574830877583,0.016473086624922143,0.020479815360602595
18.904642757853768,0.01641822210744647,0.020383592068415005
18.94171068482995,0.016363540319251985,0.020287742876021916
18.978778611806135,0.016309040651748794,0.0201922670631396
19.01584653878232,0.01625472249837397,0.020097163902520445
19.0529144657585,0.016200585254584756,0.020002432660077396
19.089982392734687,0.016146628317851873,0.019908072595007074
19.12705031971087,0.016092851087652783,0.019814082959911564
19.164118246687053,0.016039252965465035,0.01972046300091892
19.20118617366324,0.015985833354759588,0.019627211957802267
19.238254100639423,0.015932591660994158,0.01953432906409771
19.275322027615605,0.015879527291606653,0.019441813547220885
19.31238995459179,0.015826639656008494,0.01934966462858223
19.34945788156797,0.015773928165578124,0.019257881523701077
19.386525808544157,0.01572139223365441,0.019166463442318375
19.423593735520342,0.015669031275530126,0.01907540958850829
19.460661662496523,0.015616844708445453,0.018984719160788494
19.49772958947271,0.015564831951581473,0.018894391352229232
19.534797516448894,0.015512992426053722,0.018804425350561278
19.571865443425075,0.015461325554905755,0.018714820338282607
19.60893337040126,0.015409830763102692,0.0186255754927639
19.646001297377445,0.015358507477524848,0.018536689986352915
19.683069224353627,0.015307355126961355,0.018448162986477654
19.720137151329812,0.015256373142103765,0.018359993655748374
19.757205078305997,0.015205560955539772,0.018272181152058538
19.79427300528218,0.01515491800174686,0.018184724628684548
19.831340932258364,0.015104443717086004,0.018097623234384377
19.86840885923455,0.015054137539795426,0.018010876113495135
19.90547678621073,0.015003998909984322,0.017924482406029525
19.942544713186916,0.014954027269626623,0.017838441247771123
19.9796126401631,0.014904222062554814,0.017752751770368745
20.016680567139282,0.014854582734453718,0.017667413101429632
20.053748494115467,0.014805108732854328,0.017582424364611545
20.09081642109165,0.014755799507127682,0.017497784679713965
20.127884348067834,0.014706654508478701,0.01741349316276809
20.16495227504402,0.01465767318994011,0.017329548926125912
20.2020202020202,0.014608855006366338,0.017245951078548268
20.239088128996386,0.014560199414427438,0.017162698725291765
20.27615605597257,0.014511705872603066,0.017079790968194897
20.313223982948752,0.014463373841176443,0.01699722690576304
20.350291909924938,0.014415202782228334,0.01691500563325248
20.387359836901123,0.014367192159631085,0.016833126242753512
20.424427763877304,0.014319341439042644,0.016751587823272577
20.46149569085349,0.014271650087900597,0.016670389460813367
20.498563617829674,0.014224117575416282,0.01658953023845713
20.535631544805856,0.014176743372568848,0.016509009236441892
20.57269947178204,0.014129526952099371,0.016428825532240853
20.609767398758226,0.014082467788504999,0.016348978200639817
20.646835325734408,0.014035565358033101,0.016269466313813763
20.683903252710593,0.013988819138675416,0.016190288941402422
20.720971179686774,0.013942228610162278,0.016111445150585102
20.75803910666296,0.01389579325395679,0.01603293400615449
20.795107033639145,0.013849512553249088,0.0159547545705897
20.832174960615326,0.01380338599295057,0.015876905904128373
20.86924288759151,0.013757413059688143,0.01579938706483792
20.906310814567696,0.013711593241798556,0.015722197108686012
20.943378741543878,0.013665926029322675,0.015645335089610114
20.980446668520063,0.013620410913999802,0.015568800059586246
21.017514595496248,0.013575047389262036,0.015492591068696892
21.05458252247243,0.013529834950228636,0.015416707165198152
21.091650449448615,0.01348477309370038,0.015341147395585989
21.1287183764248,0.013439861318153983,0.015265910804661765
21.16578630340098,0.013395099123736525,0.01519099643559694
21.202854230377167,0.013350486012259848,0.015116403329996956
21.23992215735335,0.013306021487195053,0.015042130527964425
21.276990084329533,0.013261705053666962,0.014968177068161488
21.31405801130572,0.01321753621844859,0.014894541987871397
21.351125938281903,0.013173514489955684,0.014821224323059396
21.388193865258085,0.013129639378241244,0.014748223108432823
21.42526179223427,0.013085910394990043,0.014675537377500434
21.46232971921045,0.013042327053513235,0.014603166162631092
21.499397646186637,0.012998888868742913,0.014531108495111623
21.536465573162822,0.012955595357226709,0.014459363405204019
21.573533500139003,0.012912446037122431,0.01438792992220191
21.61060142711519,0.012869440428192675,0.014316807074486288
21.647669354091374,0.012826578051799504,0.014245993889580635
21.684737281067555,0.012783858430899112,0.014175489394205263
21.72180520804374,0.012741281090036503,0.014105292614330987
21.758873135019925,0.012698845555340219,0.014035402575232163
21.795941061996107,0.012656551354517058,0.013965818301539019
21.833008988972292,0.012614398016846806,0.01389653881728929
21.870076915948477,0.012572385073177017,0.0138275631459793
21.90714484292466,0.012530512055917787,0.013758890310614266
21.944212769900844,0.012488778499036532,0.013690519333758035
21.98128069687703,0.012447183938052827,0.01362244923758215
22.01834862385321,0.012405727910033219,0.01355467904391432
22.055416550829396,0.012364409953586081,0.013487207774286192
22.092484477805577,0.012323229608856482,0.013420034449980594
22.129552404781762,0.012282186417521048,0.01335315809207805
22.166620331757947,0.012241279922782893,0.013286577721502834
22.20368825873413,0.012200509669366508,0.013220292359068277
22.240756185710314,0.012159875203512709,0.013154301025521559
22.2778241126865,0.012119376072973581,0.0130886027415879
22.31489203966268,0.012079011827007444,0.01302319652801414
22.351959966638866,0.012038782016373826,0.01295808140561176
22.38902789361505,0.011998686193328504,0.012893256395299365
22.426095820591232,0.01195872391161847,0.012828720518144496
22.463163747567418,0.011918894726476987,0.012764472795405003
22.500231674543603,0.011879198194618638,0.012700512248569757
22.537299601519784,0.011839633874234408,0.01263683789939893
22.57436752849597,0.011800201324986732,0.012573448769963583
22.611435455472154,0.011760900108004617,0.01251034388268482
22.648503382448336,0.01172172978587877,0.012447522260372426
22.68557130942452,0.011682689922656687,0.012384982926262817
22.722639236400703,0.011643780083837853,0.012322724904056717
22.759707163376888,0.01160499983636886,0.012260747217956072
22.796775090353073,0.011566348748638622,0.012199048892700591
22.833843017329254,0.011527826390473563,0.0121376289536038
22.87091094430544,0.011489432333132793,0.01207648642658841
22.907978871281625,0.011451166149303405,0.012015620338221475
22.945046798257806,0.01141302741309566,0.011955029715748782
22.98211472523399,0.01137501570003827,0.011894713587128918
23.019182652210176,0.011337130587073667,0.011834670981066796
23.056250579186358,0.011299371652553318,0.011774900927046741
23.093318506162543,0.011261738476232998,0.011715402455365035
23.130386433138728,0.011224230639268126,0.01165617459716206
23.16745436011491,0.011186847724209126,0.011597216384453981
23.204522287091095,0.01114958931499673,0.011538526850163856
23.24159021406728,0.011112454996957406,0.011480105028152507
23.27865814104346,0.0110754443567987,0.011421949953248706
23.315726068019647,0.011038556982604652,0.011364060661279072
23.35279399499583,0.011001792463831222,0.011306436189097506
23.389861921972013,0.010965150391301696,0.011249075574614105
23.4269298489482,0.01092863035720215,0.011191977856823764
23.46399777592438,0.010892231955076909,0.011135142075834256
23.501065702900565,0.010855954779824012,0.011078567272893948
23.53813362987675,0.010819798427690729,0.011022252490419101
23.57520155685293,0.010783762496269039,0.01096619677202068
23.612269483829117,0.010747846584491162,0.010910399162530858
23.649337410805302,0.010712050292625095,0.010854858708029038
23.686405337781483,0.010676373222270177,0.01079957445586755
23.72347326475767,0.01064081497635263,0.010744545454696853
23.760541191733854,0.010605375159121154,0.010689770754490414
23.797609118710035,0.01057005337614253,0.010635249406569227
23.83467704568622,0.010534849234297195,0.010580980463625813
23.871744972662405,0.010499762341774929,0.010526962979748039
23.908812899638587,0.010464792308070427,0.010473196010442366
23.945880826614772,0.010429938743978998,0.010419678612656861
23.982948753590957,0.010395201261592208,0.010366409844803758
24.02001668056714,0.010360579474293592,0.01031338876678174
24.057084607543324,0.010326072996754315,0.01026061443999775
24.094152534519505,0.010291681444928905,0.010208085927388533
24.13122046149569,0.010257404436050978,0.010155802293441806
24.168288388471876,0.010223241588628964,0.010103762604217043
24.205356315448057,0.010189192522441893,0.010051965927365977
24.242424242424242,0.010155256858535121,0.010000411332152691
24.279492169400427,0.010121434219216139,0.00994909788947341
24.31656009637661,0.010087724228050378,0.009898024671875992
24.353628023352794,0.010054126509856973,0.009847190753578967
24.39069595032898,0.010020640690704652,0.009796595210490436
24.42776387730516,0.009987266397907526,0.009746237120226448
24.464831804281346,0.009954003260020954,0.009696115562129199
24.50189973125753,0.009920850906837423,0.009646229617284873
24.538967658233712,0.009887808969382409,0.009596578368541114
24.576035585209898,0.00985487707991028,0.009547160900524279
24.613103512186083,0.009822054871900191,0.009497976299656312
24.650171439162264,0.009789341980052036,0.009449023654171374
24.68723936613845,0.009756738040282344,0.00940030205413211
24.724307293114634,0.009724242689720249,0.00935181059144566
24.761375220090816,0.009691855566703444,0.00930354835987938
24.798443147067,0.00965957631077416,0.009255514455076237
24.835511074043183,0.00962740456267516,0.00920770797456998
24.872579001019368,0.009595339964345714,0.009160128017799914
24.909646927995553,0.009563382158917656,0.009112773686125553
24.946714854971734,0.009531530790711368,0.00906564408284084
24.98378278194792,0.009499785505231853,0.009018738313188175
25.020850708924105,0.009468145949164784,0.008972055484372193
25.057918635900286,0.009436611770372555,0.008925594705573175
25.09498656287647,0.009405182617890383,0.008879355087960296
25.132054489852656,0.00937385814192238,0.008833335744704542
25.169122416828838,0.009342637993837694,0.008787535790991431
25.206190343805023,0.009311521826166584,0.008741954344033385
25.243258270781208,0.009280509292596587,0.008696590523081929
25.28032619775739,0.009249600047968664,0.008651443449439637
25.317394124733575,0.009218793748273313,0.008606512246471723
25.35446205170976,0.009188090050646813,0.008561796039617571
25.39152997868594,0.009157488613367348,0.008517293956401826
25.428597905662127,0.009126989095851227,0.008473005126445374
25.465665832638308,0.009096591158649104,0.008428928681476069
25.502733759614493,0.009066294463442162,0.008385063755339124
25.53980168659068,0.009036098673038406,0.00834140948400745
25.57686961356686,0.009006003451368852,0.008297965005591577
25.613937540543045,0.008976008463483818,0.00825472946034946
25.65100546751923,0.008946113375549203,0.00821170199069607
25.68807339449541,0.008916317854842745,0.008168881741212664
25.725141321471597,0.008886621569750335,0.008126267858655936
25.762209248447782,0.00885702418976232,0.008083859491966898
25.799277175423963,0.008827525385469845,0.008041655792279598
25.83634510240015,0.008798124828561137,0.007999655912929504
25.873413029376334,0.008768822191817915,0.007957859009461872
25.910480956352515,0.0087396171491117,0.00791626423963971
25.9475488833287,0.008710509375400199,0.007874870763451667
25.984616810304885,0.008681498546723706,0.007833677743119688
26.021684737281067,0.008652584340201469,0.007792684343106421
26.058752664257252,0.008623766434028105,0.007751889730122492
26.095820591233434,0.008595044507470027,0.007711293073133545
26.13288851820962,0.00856641824086187,0.007670893543367107
26.169956445185804,0.008537887315602932,0.0076306903143192675
26.207024372161985,0.008509451414153622,0.007590682561761122
26.24409229913817,0.00848111022003194,0.0075508694637450935
26.281160226114356,0.008452863417809939,0.00751125020061103
26.318228153090537,0.00842471069311023,0.007471823954992146
26.355296080066722,0.00839665173260247,0.007432589911820742
26.392364007042907,0.008368686223999876,0.007393547258333781
26.42943193401909,0.008340813856055767,0.00735469518407831
26.466499860995274,0.008313034318560068,0.007316032880916619
26.50356778797146,0.008285347302335891,0.007277559543031358
26.54063571494764,0.008257752499236071,0.007239274366930358
26.577703641923826,0.008230249602139741,0.007201176551451367
26.61477156890001,0.00820283830494893,0.007163265297766609
26.651839495876192,0.008175518302585129,0.0071255398093871235
26.688907422852377,0.008148289290985915,0.007087999292167021
26.725975349828563,0.008121150967101561,0.00705064295430752
26.763043276804744,0.008094103028891672,0.00701347000636089
26.80011120378093,0.008067145175321795,0.0069764796612341255
26.83717913075711,0.008040277106360108,0.00693967113419262
26.874247057733296,0.008013498522974059,0.0069030436428635525
26.91131498470948,0.007986809127127023,0.006866596407239192
26.948382911685663,0.007960208621775032,0.006830328649680067
26.985450838661848,0.007933696710863409,0.006794239594917902
27.022518765638033,0.007907273099323523,0.0067583284700585425
27.059586692614214,0.007880937493069477,0.006722594504584605
27.0966546195904,0.007854689598994843,0.006687036930358072
27.133722546566585,0.007828529124969409,0.006651654981622732
27.170790473542766,0.007802455779835905,0.006616447895006435
27.20785840051895,0.007776469273406787,0.006581414909523281
27.244926327495136,0.007750569316460989,0.006546555266575616
27.281994254471318,0.007724755620740719,0.006511868209955955
27.319062181447503,0.00769902789894824,0.006477352985848702
27.356130108423688,0.00767338586474267,0.006443008842831794
27.39319803539987,0.007647829232736817,0.0064088350318782265
27.430265962376055,0.007622357718493962,0.006374830806357374
27.467333889352236,0.0075969710385247425,0.006340995422036308
27.50440181632842,0.00757166891028396,0.006307328137080876
27.541469743304607,0.007546451052167447,0.006273828212056723
27.578537670280788,0.007521317183508947,0.006240494909930207
27.615605597256973,0.007496267024576957,0.00620732749606911
27.65267352423316,0.007471300296571656,0.006174325238243364
27.68974145120934,0.007446416721621769,0.006141487406625532
27.726809378185525,0.007421616022781488,0.006108813273791268
27.76387730516171,0.00739689792402739,0.006076302114719606
27.80094523213789,0.007372262150255364,0.006043953206793199
27.838013159114077,0.007347708427277548,0.006011765829798374
27.875081086090262,0.007323236481819272,0.005979739265925135
27.912149013066443,0.007298846041516036,0.005947872799767065
27.94921694004263,0.007274536834910445,0.00591616571832105
27.986284867018814,0.007250308591449227,0.005884617310987018
28.023352793994995,0.00722616104148019,0.005853226869567453
28.06042072097118,0.007202093916249237,0.0058219936882668915
28.097488647947365,0.007178106947897376,0.005790917063691307
28.134556574923547,0.007154199869457726,0.0057599962948473435
28.171624501899732,0.007130372414852561,0.00572923068314153
28.208692428875914,0.007106624318890334,0.00569861953237934
28.2457603558521,0.007082955317262736,0.005668162148764185
28.282828282828284,0.007059365146541759,0.0056378578408963235
28.319896209804465,0.007035853544176747,0.0056077059197716375
28.35696413678065,0.0070124202484914844,0.0055777056987803665
28.394032063756836,0.006989064998681282,0.005547856493705721
28.431099990733017,0.006965787534810084,0.005518157622722436
28.468167917709202,0.006942587597807555,0.0054886084063952
28.505235844685387,0.00691946492946621,0.005459208167677029
28.54230377166157,0.0068964192724385465,0.0054299562319075675
28.579371698637754,0.006873450370234156,0.00540085192681124
28.61643962561394,0.006850557967216901,0.005371894582495427
28.65350755259012,0.006827741808602046,0.005343083531448458
28.690575479566306,0.006805001640453432,0.005314418108537589
28.72764340654249,0.0067823372096806455,0.0052858976510068685
28.764711333518672,0.006759748264036212,0.005257521498474965
28.801779260494857,0.006737234552112773,0.005229288992932861
28.83884718747104,0.0067147958233402995,0.00520119947874153
28.875915114447224,0.0066924318279833,0.0051732523026295
28.91298304142341,0.006670142317138037,0.005145446813690364
28.95005096839959,0.006647927042729768,0.005117782363380225
28.987118895375776,0.00662578575750997,0.005090258305515037
29.02418682235196,0.006603718215053595,0.005062873996267913
29.061254749328143,0.00658172416975634,0.005035628794166361
29.098322676304328,0.006559803376831875,0.005008522060089404
29.135390603280513,0.00653795559230917,0.0049815531572647296
29.172458530256694,0.006516180573029741,0.004954721451265664
29.20952645723288,0.006494478076644953,0.004928026310008159
29.246594384209065,0.006472847861613341,0.004901467103747702
29.283662311185246,0.006451289687197894,0.004875043205076119
29.32073023816143,0.006429803313463393,0.0048487539889183855
29.357798165137616,0.0064083885012737336,0.004822598832529312
29.394866092113798,0.006387045012289278,0.004796577115490228
29.431934019089983,0.006365772608964178,0.004770688219705555
29.469001946066168,0.006344571054543754,0.004744931529399357
29.50606987304235,0.006323440113061845,0.004719306431111818
29.543137800018535,0.006302379549338188,0.004693812313695671
29.580205726994716,0.006281389128975814,0.004668448568312586
29.6172736539709,0.006260468618358403,0.0046432145884294455
29.654341580947086,0.006239617784647726,0.004618109769814663
29.691409507923268,0.006218836395781028,0.00459313351053435
29.728477434899453,0.006198124220468448,0.004568285210948502
29.76554536187564,0.006177481028190457,0.00454356427370711
29.80261328885182,0.006156906589195278,0.0045189701037462015
29.839681215828005,0.006136400674496333,0.0044945021082838715
29.87674914280419,0.006115963055869699,0.004470159696816236
29.91381706978037,0.00609559350585157,0.004445942281113362
29.950884996756557,0.006075291797735714,0.004421849275215118
29.987952923732742,0.006055057705570957,0.004397880095427009
30.025020850708923,0.006034891004158677,0.004374034160315968
30.06208877768511,0.006014791469050268,0.004350310890706057
30.099156704661294,0.005994758876544686,0.004326709709674207
30.136224631637475,0.0059747930036859204,0.004303230042545826
30.17329255861366,0.0059548936282605314,0.004279871316890427
30.21036048558984,0.005935060528795181,0.004256632962517204
30.247428412566027,0.005915293484554143,0.004233514411470522
30.284496339542212,0.005895592275536882,0.004210515098025453
30.321564266518394,0.005875956682475576,0.004187634458683189
30.35863219349458,0.005856386486832685,0.004164871932166459
30.395700120470764,0.005836881470798531,0.004142226959414921
30.432768047446945,0.005817441417288853,0.004119698983580471
30.46983597442313,0.005798066109942406,0.00409728745002256
30.506903901399316,0.005778755333118541,0.004074991806303451
30.543971828375497,0.005759508871894825,0.004052811502183465
30.581039755351682,0.00574032651206462,0.004030745989616143
30.618107682327867,0.00572120804013473,0.004008794722743454
30.65517560930405,0.005702153243323,0.003986957157890889
30.692243536280234,0.005683161909555959,0.00396523275356257
30.72931146325642,0.005664233827466464,0.003943620970436334
30.7663793902326,0.0056453687863913336,0.003922121271358739
30.803447317208786,0.005626566576369019,0.0039007331213400933
30.84051524418497,0.005607826988137252,0.003879455987549417
30.877583171161152,0.005589149813130735,0.0038582893393094104
30.914651098137337,0.005570534843478798,0.0038372326480913465
30.95171902511352,0.005551981872003101,0.0038162853875099816
30.988786952089704,0.005533490692215321,0.003795447033318414
31.02585487906589,0.005515061098314853,0.0037747170634029187
31.06292280604207,0.00549669288518653,0.0037540949577777724
31.099990733018256,0.005478385848398327,0.0037335801985800246
31.13705865999444,0.005460139784199088,0.003713172270064265
31.174126586970623,0.005441954489516272,0.003692870658597375
31.211194513946808,0.0054238297619536675,0.003672674852653209
31.248262440922993,0.005405765399789168,0.003652584342807328
31.285330367899174,0.005387761201972506,0.003632598621731636
31.32239829487536,0.005369816968123022,0.003612717184189036
31.359466221851545,0.005351932498527444,0.0035929395270280656
31.396534148827726,0.005334107594137649,0.0035732651491774824
31.43360207580391,0.005316342056568453,0.003553693551640862
31.470670002780096,0.0052986356880954065,0.003534224237491151
31.507737929756278,0.005280988291652601,0.003514856711865233
31.544805856732463,0.005263399670830449,0.0034955904819584114
31.581873783708645,0.005245869629873532,0.003476425057018969
31.61894171068483,0.005228397973678399,0.0034573599483426155
31.656009637661015,0.005210984507791399,0.003438394669266974
31.693077564637196,0.0051936290384065305,0.0034195287351660468
31.73014549161338,0.005176331372363256,0.003400761663444623
31.767213418589566,0.005159091317144386,0.003382092973532736
31.804281345565748,0.005141908680873912,0.0033635221868800434
31.841349272541933,0.005124783272314878,0.0033450488269502233
31.87841719951812,0.005107714900867261,0.0033266724192153683
31.9154851264943,0.005090703376565834,0.003308392491150319
31.952553053470485,0.005073748510078063,0.003290208572227032
31.98962098044667,0.005056850112701992,0.0032721201939089053
32.02668890742285,0.005040007996364156,0.0032541268896451106
32.06375683439904,0.005023221973617472,0.003236228194864891
32.10082476137522,0.005006491857639159,0.0032184236469718595
32.13789268835141,0.0049898174622286665,0.003200712785338296
32.174960615327585,0.004973198601805591,0.0031830951512994074
32.21202854230377,0.004956635091407608,0.00316557028814759
32.249096469279955,0.004940126746688432,0.0031481377411267017
32.28616439625614,0.004923673383915745,0.0031307970574262793
32.323232323232325,0.004907274819969164,0.0031135477861757932
32.36030025020851,0.004890930872338197,0.003096389478438854
32.39736817718469,0.004874641359120212,0.003079321687207433
32.43443610416087,0.004858406099018412,0.0030623439673960738
32.47150403113706,0.004842224911339825,0.003045455875836082
32.508571958113244,0.004826097615993279,0.003028656971269717
32.54563988508943,0.004810024033487413,0.003011946814344381
32.58270781206561,0.0047940039849286705,0.002995324967606786
32.61977573904179,0.0047780372920193,0.002978790995497117
32.65684366601798,0.004762123777055395,0.002962344464343216
32.69391159299416,0.004746263262924891,0.002945984942354712
32.73097951997035,0.004730455573105612,0.0029297119996171943
32.76804744694653,0.004714700531663293,0.0029135252080863335
32.80511537392271,0.0046989979632496345,0.0028974241415820486
32.842183300898895,0.004683347693100335,0.0028814083757826114
32.87925122787508,0.004667749547033159,0.0028654774882187995
32.916319154851266,0.004652203351446,0.002849631058268022
32.95338708182745,0.004636708933314934,0.002833868667148425
32.990455008803636,0.004621266120192311,0.0028181898979130304
33.027522935779814,0.004605874740204823,0.0028025943354438396
33.064590862756,0.004590534622051589,0.002787081566445944
33.101658789732184,0.00457524559500227,0.0027716511794416525
33.13872671670837,0.004560007488895139,0.002756302764764578
33.175794643684554,0.004544820134135214,0.0027410359145537636
33.21286257066073,0.004529683361692352,0.0027258502227477713
33.24993049763692,0.004514597003099368,0.0027107452850787857
33.2869984246131,0.00449956089045018,0.0026957206990667337
33.32406635158929,0.004484574856397916,0.002680776064013362
33.36113427856547,0.00446963873415307,0.002665910980996357
33.39820220554166,0.004454752357481626,0.002651125052863428
33.435270132517836,0.004439915560703235,0.002636417884226425
33.47233805949402,0.004425128178689341,0.0026217890814554177
33.509405986470206,0.004410390046861361,0.002607238252672813
33.54647391344639,0.004395701001188861,0.0025927650077474545
33.583541840422576,0.004381060878187703,0.002578368958288715
33.62060976739876,0.004366469514918256,0.0025640497176406115
33.65767769437494,0.0043519267489835626,0.002549806900875903
33.694745621351124,0.004337432418527529,0.0025356401247901925
33.73181354832731,0.004322986362233148,0.0025215490078960533
33.768881475303495,0.004308588419320675,0.0025075331704171185
33.80594940227968,0.004294238429545859,0.0024935922342822123
33.843017329255865,0.004279936233198145,0.0024797258231194497
33.88008525623204,0.004265681671098909,0.002465933562250372
33.91715318320823,0.004251474584599675,0.00245221507868405
33.95422111018441,0.004237314815580354,0.0024385700011112193
33.9912890371606,0.004223202206447491,0.002424997959898417
34.02835696413678,0.004209136600132495,0.002411498587082095
34.06542489111296,0.004195117840089916,0.0023980715163627736
34.10249281808915,0.004181145770295667,0.002384716383099167
34.13956074506533,0.004167220235245322,0.0023714328243023357
34.17662867204152,0.004153341079952366,0.0023582204786298426
34.2136965990177,0.004139508149946478,0.0023450789863798897
34.25076452599389,0.004125721291271807,0.002332007989485496
34.287832452970065,0.00411198035048526,0.002319007131508645
34.32490037994625,0.0040982851746547925,0.00230607605763446
34.361968306922435,0.004084635611357714,0.0022932144146653884
34.39903623389862,0.004071031508678983,0.0022804218510153666
34.436104160874805,0.004057472715209516,0.002267698016704014
34.47317208785099,0.004043959080044514,0.002255042563350831
34.51024001482717,0.00403049045278177,0.0022424551441693873
34.54730794180335,0.004017066683519995,0.0022299354139615275
34.58437586877954,0.004003687622857163,0.0022174830291115965
34.621443795755724,0.003990353121888833,0.0022050976475806393
34.65851172273191,0.003977063032206505,0.002192778928900643
34.69557964970809,0.00396381720589596,0.002180526534168757
34.73264757668427,0.003950615495535603,0.0021683401260415326
34.76971550366046,0.003937457754194855,0.002156219368729186
34.80678343063664,0.003924343835432482,0.00214416392798983
34.84385135761283,0.003911273593294989,0.0021321734711237583
34.88091928458901,0.0038982468823149817,0.002120247666967694
34.91798721156519,0.0038852635575095597,0.0021083861858890926
34.955055138541375,0.003872323474378686,0.0020965886997804007
34.99212306551756,0.0038594264889035956,0.0020848548820533697
35.029190992493746,0.003846572457545188,0.0020731844076333594
35.06625891946993,0.003833761237242421,0.0020615769529536364
35.103326846446116,0.003820992685410731,0.0020500321959497072
35.140394773422294,0.003808266659940438,0.0020385498160536415
35.17746270039848,0.0037955830191951606,0.002027129494188404
35.214530627374664,0.0037829416220102555,0.0020157709127622213
35.25159855435085,0.0037703423276912273,0.0020044737556629156
35.288666481327034,0.003757784996012177,0.0019932377082522894
35.32573440830321,0.0037452694872142332,0.001982062457360488
35.3628023352794,0.0037327956620039956,0.001970947691280387
35.39987026225558,0.0037203633815519957,0.0019598930997619963
35.43693818923177,0.0037079725074911367,0.0019488983740068519
35.47400611620795,0.003695622901915168,0.0019379632066624424
35.51107404318414,0.0036833144273771368,0.0019270872918166222
35.548141970160316,0.0036710469468878722,0.0019162703249920592
35.5852098971365,0.0036588203239144444,0.001905512003140665
35.622277824112686,0.0036466344223786587,0.0018948120246380627
35.65934575108887,0.0036344891066555397,0.0018841700892780523
35.696413678065056,0.0036223842415718105,0.0018735858982670793
35.73348160504124,0.0036103196924044045,0.0018630591542187326
35.77054953201742,0.0035982953248789537,0.0018525895611482361
35.807617458993604,0.0035863110051682938,0.0018421768244669542
35.84468538596979,0.0035743665998909874,0.0018318206509769282
35.881753312945975,0.0035624619761098243,0.0018215207488653895
35.91882123992216,0.003550597001330357,0.0018112768276993174
35.95588916689834,0.0035387715434994117,0.0018010885984199828
35.99295709387452,0.0035269854710036214,0.0017909557733375135
36.03002502085071,0.0035152386526679765,0.0017808780661254843
36.06709294782689,0.0035035309577543406,0.0017708551918154884
36.10416087480308,0.0034918622559600176,0.0017608868667917533
36.14122880177926,0.0034802324174162858,0.00175097280878574
36.17829672875544,0.00346864131268696,0.0017411127368707742
36.215364655731626,0.0034570888127669493,0.0017313063714566807
36.25243258270781,0.003445574789080821,0.0017215534342844307
36.289500509684,0.0034340991134813688,0.0017118536484208012
36.32656843666018,0.003422661658248193,0.001702206738253051
36.36363636363637,0.0034112622960862653,0.0016926124294835984
36.400704290612545,0.0033999009001245304,0.0016830704491247262
36.43777221758873,0.0033885773439144744,0.0016735805254932796
36.474840144564915,0.0033772915014287307,0.001664142388205396
36.5119080715411,0.003366043247059678,0.0016547557681712418
36.548975998517285,0.0033548324556180306,0.0016454203975897475
36.58604392549347,0.0033436590023314594,0.0016361360099433786
36.62311185246965,0.0033325227628431945,0.001626902339992901
36.66017977944583,0.0033214236132106363,0.0016177191237721617
36.69724770642202,0.003310361429903993,0.0016085860985829003
36.734315633398204,0.0032993360898048887,0.0015995030029895448
36.77138356037439,0.0032883474702050043,0.0015904695768140448
36.80845148735057,0.0032773954488047063,0.0015814855611307021
36.84551941432675,0.0032664799037116807,0.0015725506982610185
36.88258734130294,0.0032556007134395925,0.0015636647317685691
36.91965526827912,0.0032447577569067166,0.0015548274064538642
36.95672319525531,0.0032339509134346016,0.001546038468349251
36.99379112223149,0.0032231800627467175,0.0015372976647138035
37.03085904920767,0.003212445084967129,0.001528604744028251
37.067926976183855,0.003201745860619145,0.0015199594559898925
37.10499490316004,0.0031910822706240037,0.001511361551507551
37.142062830136226,0.003180454196299543,0.0015028107826965272
37.17913075711241,0.0031698615193588736,0.0014943069028735625
37.216198684088596,0.0031593041219090713,0.0014858496665518298
37.253266611064774,0.00314878188644986,0.0014774388294359244
37.29033453804096,0.0031382946958722997,0.0014690741484168729
37.327402465017144,0.0031278424334574948,0.0014607553815671674
37.36447039199333,0.0031174249828752848,0.0014524822881357886
37.401538318969514,0.0031070422281829556,0.00144425462854327
37.43860624594569,0.0030966940538239463,0.0014360721643767536
37.47567417292188,0.003086380344626557,0.0014279346583850705
37.51274209989806,0.0030761009858026826,0.001419841874473841
37.54981002687425,0.0030658558629465212,0.0014117935777005705
37.58687795385043,0.003055644862033308,0.0014037895342697794
37.62394588082662,0.003045467869418041,0.0013958295115281297
37.661013807802796,0.003035324771834224,0.0013879132779595815
37.69808173477898,0.0030252154563925942,0.0013800406031805458
37.735149661755166,0.003015139810579876,0.0013722112579350697
37.77221758873135,0.003005097722257528,0.0013644250140900254
37.809285515707536,0.002995089079660489,0.0013566816446303096
37.84635344268372,0.0029851137713959395,0.0013489809236540706
37.8834213696599,0.00297517168644206,0.0013413226263679335
37.920489296636084,0.002965262714146789,0.0013337065290822492
37.95755722361227,0.002955386744226609,0.0013261324092063629
37.994625150588455,0.0029455436667652976,0.0013186000452438782
38.03169307756464,0.002935733372212721,0.001311109216787958
38.06876100454082,0.0029259557513836056,0.0013036597045166202
38.105828931517,0.002916210695456323,0.0012962512901880572
38.14289685849319,0.0029064980959716854,0.0012888837566359754
38.17996478546937,0.002896817844831733,0.001281556887764935
38.21703271244556,0.0028871698342985293,0.0012742704685457114
38.25410063942174,0.0028775539569929703,0.0012670242850106777
38.29116856639792,0.0028679701058935804,0.0012598181242491867
38.328236493374106,0.002858418174335322,0.0012526517744029758
38.36530442035029,0.0028488980560084183,0.0012455250246615947
38.40237234732648,0.002839409644957157,0.0012384376652578265
38.43944027430266,0.002829952835578722,0.0012313894874631452
38.47650820127885,0.0028205275226220075,0.0012243802835831686
38.513576128255025,0.0028111336011864604,0.001217409846953145
38.55064405523121,0.0028017709667208946,0.0012104779719334323
38.587711982207395,0.002792439515022344,0.0012035844539050114
38.62477990918358,0.002783139142234896,0.0011967290892650059
38.661847836159765,0.002773869744848533,0.0011899116754222098
38.69891576313594,0.0027646312196979877,0.0011831320107926456
38.73598369011213,0.002755423463961584,0.0011763898947951153
38.77305161708831,0.002746246375160102,0.0011696851278467878
38.8101195440645,0.002737099851155638,0.0011630175113587896
38.847187471040684,0.002727983790150458,0.0011563868477318052
38.88425539801687,0.0027188980906858768,0.001149792940351706
38.92132332499305,0.00270984265164112,0.0011432355935851795
38.95839125196923,0.0027008173722321976,0.001136714612775379
38.99545917894542,0.0026918221520107945,0.0011302298042375962
39.0325271059216,0.0026828568908631367,0.0011237809752549293
39.06959503289779,0.0026739214890088908,0.0011173679340739854
39.10666295987397,0.0026650158470000415,0.00111099048990058
39.14373088685015,0.002656139865719797,0.0011046484528954687
39.180798813826335,0.002647293446381473,0.0010983416341700735
39.21786674080252,0.0026384764905274007,0.0010920698457822413
39.254934667778706,0.002629688900027835,0.0010858329007320104
39.29200259475489,0.002620930577079852,0.0010796306129573835
39.32907052173107,0.00261220142420627,0.0010734627973301317
39.366138448707254,0.002603501344254556,0.0010673292696515937
39.40320637568344,0.0025948302403957504,0.0010612298466485064
39.440274302659624,0.0025861880161233905,0.0010551643459688427
39.47734222963581,0.002577574575252429,0.0010491325861776582
39.514410156611994,0.0025689898219181735,0.001043134386752966
39.55147808358817,0.0025604336605752113,0.0010371695680816112
39.58854601056436,0.002551905995996345,0.0010312379514551668
39.62561393754054,0.002543406733271545,0.0010253393590658514
39.66268186451673,0.0025349357778068765,0.0010194736140024434
39.69974979149291,0.002526493035323463,0.001013640540246229
39.7368177184691,0.002518078411856421,0.0010078399626669461
39.773885645445276,0.00250969181375383,0.0010020717070187625
39.81095357242146,0.002501333147675675,0.0009963355999362464
39.848021499397646,0.0024930023205928186,0.0009906314689303705
39.88508942637383,0.0024846992397859636,0.0009849591423845218
39.922157353350016,0.0024764238128446156,0.000979318449550522
39.9592252803262,0.0024681759476660628,0.0009737092205446723
39.99629320730238,0.002459955552454344,0.0009681312863438025
40.033361134278564,0.002451762535719228,0.0009625844787813384
40.07042906125475,0.0024435968062751982,0.000957068630543387
40.107496988230935,0.002435458273240439,0.0009515835751648325
40.14456491520712,0.0024273468460358173,0.0009461291470254417
40.1816328421833,0.002419262434383884,0.0009407051813459964
40.21870076915948,0.0024112049483078577,0.0009353115141844226
40.25576869613567,0.0024031742981306327,0.0009299479824319503
40.29283662311185,0.0023951703944737794,0.0009246144238092813
40.32990455008804,0.0023871931482565456,0.0009193106768627634
40.36697247706422,0.0023792424706948687,0.000914036580960594
40.4040404040404,0.0023713182733003874,0.0009087919762890229
40.441108331016586,0.00236342046787945,0.0009035767038485767
40.47817625799277,0.002355548966532146,0.000898390605450302
40.51524418496896,0.002347703681651315,0.0008932335237120087
40.55231211194514,0.0023398845259215814,0.0008881053020545429
40.58938003892133,0.0023320914123183744,0.0008830057846980596
40.626447965897505,0.0023243242541069672,0.0008779348166583236
40.66351589287369,0.002316582964841503,0.0008728922437430082
40.700583819849875,0.0023088674583640395,0.0008678779125480236
40.73765174682606,0.002301177648803591,0.0008628916704538513
40.774719673802245,0.0022935134505751658,0.0008579333656218885
40.81178760077842,0.002285874778378822,0.0008530028469908185
40.84885552775461,0.0022782615471987093,0.0008480999642729788
40.88592345473079,0.0022706736723021284,0.0008432245679507584
40.92299138170698,0.0022631110692385905,0.0008383765092730015
40.960059308683164,0.0022555736538388683,0.0008335556402514223
40.99712723565935,0.002248061342214071,0.0008287618136570411
41.03419516263553,0.0022405740507546994,0.0008239948830166266
41.07126308961171,0.0022331116961297193,0.0008192547026091548
41.1083310165879,0.002225674195285641,0.000814541127462288
41.14539894356408,0.0022182614654455836,0.0008098540133488536
41.18246687054027,0.0022108734241083625,0.0008051932167833513
41.21953479751645,0.0022035099890475654,0.0008005585950184608
41.25660272449263,0.0021961710783106425,0.0007959500060415754
41.293670651468815,0.0021888566102179876,0.0007913673085713363
41.330738578445,0.002181566503362034,0.0007868103620541928
41.367806505421186,0.0021743006766063513,0.0007822790266609692
41.40487443239737,0.002167059049084732,0.0007777731632834426
41.44194235937355,0.002159841540200306,0.0007732926335309439
41.479010286349734,0.0021526480696246264,0.0007688372997269587
41.51607821332592,0.002145478557296789,0.0007644070249057548
41.553146140302104,0.0021383329234225404,0.0007600016728090171
41.59021406727829,0.002131211088473379,0.0007556211078824909
41.627281994254474,0.0021241129731856836,0.0007512651952726499
41.66434992123065,0.0021170384985598222,0.0007469338008233667
41.70141784820684,0.0021099875858592724,0.0007426267910726006
41.73848577518302,0.0021029601566097543,0.0007383440332491039
41.77555370215921,0.002095956132598346,0.0007340853952691308
41.81262162913539,0.0020889754358726204,0.0007298507457331693
41.84968955611158,0.002082017988739775,0.0007256399539226785
41.886757483087756,0.0020750837137657667,0.000721452889796845
41.92382541006394,0.0020681725337744505,0.0007172894239893486
41.960893337040126,0.0020612843718467214,0.0007131494278051429
41.99796126401631,0.002054419151319657,0.0007090327732172476
42.035029190992496,0.002047576795785667,0.0007049393328635562
42.072097117968674,0.00204075722909164,0.0007008689800436526
42.10916504494486,0.0020339603753380927,0.000696821588715642
42.146232971921044,0.0020271861588783352,0.0006927970334930012
42.18330089889723,0.0020204345043176187,0.0006887951896414288
42.220368825873415,0.002013705336512304,0.0006848159330757221
42.2574367528496,0.0020069985805690194,0.0006808591403566537
42.29450467982578,0.002000314161843832,0.0006769246886878746
42.33157260680196,0.0019936520059414113,0.0006730124559128151
42.36864053377815,0.0019870120387142066,0.0006691223205116113
42.40570846075433,0.0019803941862616206,0.0006652541615980393
42.44277638773052,0.0019737983749291833,0.0006614078589164574
42.4798443147067,0.0019672245313077383,0.0006575832928387698
42.51691224168288,0.001960672582232621,0.0006537803443613957
42.553980168659066,0.0019541424547828423,0.0006499988951022521
42.59104809563525,0.0019476340762802867,0.000646238827297756
42.62811602261144,0.0019411473742888916,0.000642500023799827
42.66518394958762,0.0019346822766138513,0.0006387823680729143
42.70225187656381,0.0019282387113008044,0.0006350857441910264
42.739319803539985,0.0019218166066350426,0.0006314100368347813
42.77638773051617,0.0019154158911407016,0.0006277551312884608
42.813455657492355,0.0019090364935799738,0.0006241209134370851
42.85052358446854,0.0019026783429523162,0.0006205072697634956
42.887591511444725,0.0018963413684936513,0.0006169140873454478
42.9246594384209,0.0018900254996755917,0.0006133412538527228
42.96172736539709,0.0018837306662046421,0.0006097886575442425
42.99879529237327,0.0018774567980214263,0.0006062561872652049
43.03586321934946,0.001871203825299907,0.0006027437324442284
43.072931146325644,0.0018649716784466027,0.000599251183090505
43.10999907330183,0.0018587602880998195,0.0005957784297909714
43.14706700027801,0.0018525695851288758,0.0005923253637074872
43.18413492725419,0.00184639950063333,0.0005888918765740261
43.22120285423038,0.0018402499659422233,0.0005854778606938837
43.25827078120656,0.001834120912613304,0.0005820832089368891
43.29533870818275,0.0018280122724322753,0.0005787078147366357
43.33240663515893,0.001821923977412028,0.000575351572087718
43.36947456213511,0.0018158559597918923,0.0005720143755429865
43.406542489111295,0.0018098081520368735,0.0005686961202108057
43.44361041608748,0.0018037804868369085,0.0005653967017523333
43.480678343063666,0.001797772897106116,0.000562116016378806
43.51774627003985,0.0017917853159820447,0.0005588539608488347
43.55481419701603,0.0017858176768249356,0.0005556104324657187
43.591882123992214,0.0017798699132169733,0.0005523853290747617
43.6289500509684,0.0017739419589615521,0.0005491785490606083
43.666017977944584,0.0017680337480825402,0.0005459899913445889
43.70308590492077,0.0017621452148235393,0.0005428195553820719
43.740153831896954,0.0017562762936471586,0.0005396671411598349
43.77722175887313,0.0017504269192342833,0.0005365326491934404
43.81428968584932,0.0017445970264833445,0.0005334159805246254
43.8513576128255,0.0017387865505096014,0.0005303170367187074
43.88842553980169,0.0017329954266444134,0.000527235719861991
43.92549346677787,0.001727223590434522,0.0005241719325591954
43.96256139375406,0.0017214709776413363,0.0005211255779308893
43.999629320730236,0.0017157375242402137,0.0005180965596109362
44.03669724770642,0.0017100231664197464,0.00051508478174395
44.073765174682606,0.0017043278405810603,0.000512090148982769
44.11083310165879,0.001698651483337095,0.0005091125664859298
44.147901028634976,0.0016929940315119085,0.0005061519399151618
44.184968955611154,0.0016873554221399677,0.000503208175432887
44.22203688258734,0.0016817355924654478,0.0005002811796997314
44.259104809563524,0.0016761344799415393,0.0004973708598720534
44.29617273653971,0.0016705520222297459,0.0004944771235994726
44.333240663515895,0.001664988157199195,0.0004915998790224196
44.37030859049208,0.0016594428229259415,0.0004887390347696889
44.40737651746826,0.0016539159576922857,0.0004858944999560093
44.44444444444444,0.001648407499986077,0.00048306618417961745
