t,n,p,q,r
0.0,0.8170457532980041,0.016736128193147386,0.7163075486670224,0.7835301265126076
0.023055882770886958,0.8170426012219559,0.016904232566046763,0.7171726697201453,0.783960061552403
0.046111765541773916,0.8170331148668895,0.01707470436968189,0.7180321721125607,0.784384400152316
0.06916764831266087,0.8170172484647458,0.017247576635514315,0.7188860560670933,0.7848031325537537
0.09222353108354783,0.8169949554735517,0.01742288288071249,0.7197343216755262,0.7852162485312133
0.1152794138544348,0.8169661885728519,0.017600657114495277,0.7205769688942667,0.7856237373883143
0.13833529662532174,0.8169308996591801,0.017780933844540044,0.7214139975400167,0.7860255879538232
0.1613911793962087,0.8168890398415756,0.017963748083455106,0.7222454072854478,0.7864217885776712
0.18444706216709567,0.8168405594371468,0.018149135355316315,0.7230711976548813,0.7868123271269668
0.20750294493798263,0.816785407966688,0.018337131702267438,0.7238913680199706,0.7871971909820016
0.2305588277088696,0.8167235341503516,0.018527773691184087,0.7247059175953902,0.7875763670322521
0.25361471047975653,0.8166548859033835,0.01872109842040074,0.7255148454345265,0.787949841672378
0.27667059325064347,0.8165794103319224,0.01891714352650053,0.726318150425174,0.788317600798217
0.29972647602153046,0.8164970537288707,0.019115947191167236,0.7271158312852347,0.7886796298027778
0.3227823587924174,0.8164077615698411,0.019317548148099068,0.727907886558421,0.789035913572232
0.3458382415633044,0.8163114785091824,0.019521985689983628,0.7286943146099628,0.7893864364819057
0.36889412433419133,0.8162081483760921,0.01972929967553344,0.7294751136223184,0.7897311823922725
0.39195000710507827,0.8160977141708199,0.019939530536581443,0.7302502815908883,0.7900701346449482
0.41500588987596526,0.8159801180609659,0.020152719285235633,0.7310198163197331,0.7904032760586895
0.4380617726468522,0.8158553013778829,0.020368907521092165,0.7317837154172954,0.7907305889253957
0.4611176554177392,0.8157232046131845,0.02058813743850605,0.732541976292124,0.7910520550061181
0.48417353818862613,0.8155837674153675,0.020810451833918532,0.7332945961486039,0.791367655527075
0.5072294209595131,0.8154369285865539,0.021035894113240198,0.7340415719826878,0.7916773711756764
0.5302853037304001,0.8152826260793571,0.02126450829928883,0.7347829005776328,0.7919811820965578
0.5533411865012869,0.8151207969938818,0.021496339039280832,0.7355185784997409,0.7922790678876256
0.5763970692721739,0.8149513775748609,0.021731431612375143,0.7362486020941026,0.792571007596117
0.5994529520430609,0.814774303208938,0.021969831937268338,0.7369729674803458,0.7928569797146724
0.6225088348139479,0.8145895084221005,0.022211586579839654,0.7376916705483881,0.7931369621774259
0.6455647175848348,0.8143969268772736,0.0224567427608445,0.7384047069541941,0.7934109323561137
0.6686206003557218,0.8141964913720766,0.02270534836365503,0.739112072115537,0.7936788670562023
0.6916764831266088,0.8139881338367552,0.02295745194204617,0.7398137612077649,0.793940742513039
0.7147323658974957,0.813771785332292,0.023213102728025518,0.7405097691595729,0.7941965343880263
0.7377882486683827,0.8135473760487058,0.023472350639705326,0.7412000906487798,0.7944462177648223
0.7608441314392697,0.8133148353035458,0.023735246289214796,0.7418847200981105,0.794689767145569
0.7839000142101565,0.8130740915405898,0.024001840990650725,0.7425636516709846,0.7949271564471521
0.8069558969810435,0.8128250723287535,0.02427218676806453,0.7432368792673115,0.7951583589974913
0.8300117797519305,0.8125677043612181,0.024546336363483506,0.7439043965192911,0.7953833475318685
0.8530676625228174,0.8123019134547885,0.024824343244964107,0.7445661967872222,0.7956020941892902
0.8761235452937044,0.8120276245494856,0.02510626161467496,0.745222273155319,0.7958145705088925
0.8991794280645914,0.8117447617083845,0.025392146417007103,0.7458726184275333,0.7960207474263871
0.9222353108354784,0.8114532481177062,0.02568205334670896,0.7465172251233873,0.7962205952705526
0.9452911936063653,0.8111530060871734,0.025976038857043384,0.7471560854738134,0.7964140837597742
0.9683470763772523,0.8108439570506365,0.026274160167963946,0.7477891914170047,0.7966011819986335
0.9914029591481393,0.8105260215669824,0.0265764752743076,0.7484165345942744,0.7967818584745524
1.0144588419190261,0.8101991193213335,0.02688304295400065,0.7490381063459254,0.796956081054493
1.037514724689913,0.8098631691265469,0.027193922776274897,0.7496538977071322,0.7971238169817179
1.0605706074608001,0.8095180889250242,0.027509175109890618,0.7502638994038332,0.7972850328726122
1.083626490231687,0.8091637957908417,0.027828861131362945,0.7508681018486358,0.7974396947135726
1.1066823730025739,0.8088002059322095,0.028153042833188115,0.7514664951367351,0.797587767857965
1.129738255773461,0.808427234694272,0.028481783032065784,0.7520590690418453,0.7977292170231562
1.1527941385443479,0.8080447965622596,0.02881514537711354,0.7526458130121463,0.7978640062876197
1.175850021315235,0.8076528051649996,0.02915319435806966,0.7532267161662463,0.7979920990881229
1.1989059040861219,0.8072511732788018,0.029495995313479788,0.7538017672891592,0.7981134582169981
1.2219617868570087,0.806839812831724,0.029843614438863297,0.7543709548283005,0.7982280458194995
1.2450176696278958,0.8064186349082335,0.030196118794854742,0.7549342668895007,0.7983358233912522
1.2680735523987827,0.8059875497542712,0.030553576315315717,0.7554916912330373,0.7984367517757962
1.2911294351696696,0.8055464667827323,0.030916055815412284,0.7560432152696877,0.7985307911622295
1.3141853179405567,0.8050952945793748,0.03128362699965288,0.7565888260568024,0.798617901082954
1.3372412007114436,0.8046339409091647,0.031656360469881496,0.7571285102944011,0.7986980404115301
1.3602970834823305,0.8041623127230726,0.03203432773322066,0.757662254321291,0.7987711673606416
1.3833529662532176,0.803680316165331,0.03241760120995871,0.7581900441112106,0.7988372394801779
1.4064088490241045,0.803187856581165,0.03280625424137536,0.7587118652689986,0.7988962136554371
1.4294647317949913,0.8026848385250082,0.033200361097499756,0.7592277030267899,0.7989480461054529
1.4525206145658784,0.8021711657692145,0.033599996984794635,0.7597375422402393,0.7989926923814537
1.4755764973367653,0.8016467413132807,0.034005238053760135,0.7602413673847757,0.7990301073654544
1.4986323801076522,0.8011114673935867,0.034416161406450776,0.7607391625518858,0.79906024526899
1.5216882628785393,0.8005652454936718,0.034832845103898516,0.7612309114454319,0.7990830596319913
1.5447441456494262,0.8000079763550535,0.03525536817343489,0.7617165973780015,0.7990985033218131
1.567800028420313,0.7994395599886048,0.03568381061590484,0.762196203267294,0.7991065285324149
1.5908559111912002,0.7988598956865002,0.03611825341276476,0.7626697116325429,0.7991070867837032
1.613911793962087,0.7982688820347424,0.03655877853305674,0.7631371045909782,0.7991001289210384
1.636967676732974,0.7976664169262848,0.03700546894025106,0.7635983638543263,0.799085605114913
1.660023559503861,0.7970523975747571,0.0374584085989487,0.7640534707253549,0.7990634648608056
1.683079442274748,0.7964267205288114,0.03791768248143503,0.764502406094459,0.7990336569792175
1.7061353250456348,0.7957892816870968,0.038383376574076075,0.7649451504362939,0.7989961296158964
1.729191207816522,0.7951399763138779,0.038855577883548084,0.7653816838064545,0.7989508302422537
1.7522470905874088,0.7944786990553062,0.03933437444289107,0.7658119858382052,0.7988977056559808
1.7753029733582957,0.7938053439563594,0.039819855317376696,0.7662360357392588,0.798836701981871
1.7983588561291828,0.7931198044784584,0.04031211061018047,0.7666538122886106,0.7987677646728509
1.8214147389000697,0.7924219735177753,0.040811231467847986,0.7670652938334274,0.7986908385112321
1.8444706216709568,0.7917117434242429,0.04131731008554485,0.7674704582859923,0.7986058676101826
1.8675265044418436,0.7909890060212784,0.04183043971207921,0.7678692831207115,0.7985127954154303
1.8905823872127305,0.7902536526262324,0.04235071465468594,0.7682617453711807,0.7984115647072014
1.9136382699836176,0.7895055740715747,0.04287823028356091,0.7686478216273172,0.7983021176024011
1.9366941527545045,0.7887446607268281,0.04341308303613362,0.7690274880325568,0.7981843955570423
1.9597500355253914,0.7879708025212607,0.04395537042106617,0.7694007202811209,0.7980583393689311
1.9828059182962785,0.7871838889673488,0.04450519102196601,0.7697674936153538,0.7979238891806115
2.0058618010671654,0.7863838091850198,0.04506264450079986,0.770127782823134,0.7977809844825804
2.0289176838380523,0.7855704519266858,0.04562783160099568,0.7704815622353619,0.7976295641167761
2.051973566608939,0.7847437056030793,0.046200854150219225,0.7708288057235262,0.7974695662803493
2.075029449379826,0.7839034583098973,0.04678181506281161,0.7711694866973507,0.7973009285297213
2.0980853321507134,0.7830495978552695,0.04737081834187349,0.7715035781025276,0.7971235877849383
2.1211412149216002,0.7821820117880528,0.04796796908098171,0.7718310524185348,0.7969374803343267
2.144197097692487,0.7813005874269665,0.04857337346552338,0.7721518816565455,0.796742541839457
2.167252980463374,0.7804052118905742,0.0491871387736324,0.7724660373574284,0.7965387073404248
2.190308863234261,0.7794957721281215,0.0498093733767127,0.772773490589844,0.7963259112614511
2.2133647460051478,0.7785721549512363,0.05044018673953246,0.7730742119484404,0.7961040874168153
2.236420628776035,0.777634247066501,0.05107968941987307,0.7733681715521482,0.795873169017122
2.259476511546922,0.7766819351089017,0.05172799306771592,0.773655339042582,0.7956330886759115
2.282532394317809,0.7757151056761622,0.05238521042395043,0.773935683582548,0.7953837784166211
2.3055882770886957,0.7747336453639684,0.05305145531858553,0.7742091738546639,0.7951251696799015
2.3286441598595826,0.7737374408020882,0.05372684266844708,0.7744757780600905,0.7948571933312994
2.35170004263047,0.772726378691393,0.05441148847434293,0.7747354639173823,0.7945797796693082
2.374755925401357,0.771700345841785,0.055105509817677145,0.7749881986614583,0.7942928584337975
2.3978118081722437,0.7706592292110332,0.05580902485649454,0.7752339490426957,0.7939963588148272
2.4208676909431306,0.7696029159445231,0.056522152820936006,0.7754726813261518,0.7936902094618515
2.4439235737140175,0.7685312934159212,0.05724501400808515,0.7757043612909155,0.7933743384933215
2.4669794564849044,0.7674442492687586,0.05797772977618606,0.7759289542295943,0.7930486735066912
2.4900353392557917,0.7663416714589324,0.058720422538211726,0.7761464249479373,0.7927131415888362
2.5130912220266786,0.765223448298128,0.05947321575476223,0.7763567377646005,0.7923676693268877
2.5361471047975654,0.7640894684981614,0.0602362339262716,0.7765598565110561,0.7920121828194925
2.5592029875684523,0.7629396212162405,0.061009602584501506,0.776755744531651,0.7916466076885014
2.582258870339339,0.7617737961011454,0.061793448283299884,0.7769443646838163,0.7912708690910963
2.605314753110226,0.7605918833403239,0.06258789858860211,0.7771256793384334,0.7908848917323581
2.6283706358811134,0.7593937737079008,0.06339308206765198,0.7772996503803586,0.7904885998782843
2.6514265186520003,0.7581793586135958,0.06420912827741908,0.777466239209112,0.7900819173692616
2.674482401422887,0.7569485301525465,0.06503616775218957,0.777625406739732,0.7896647676339983
2.697538284193774,0.755701181156031,0.06587433199030594,0.7777771134038024,0.7892370737039233
2.720594166964661,0.7544372052430837,0.06672375344003184,0.7779213191506517,0.7887987582280569
2.743650049735548,0.7531564968729965,0.06758456548451726,0.7780579834487329,0.788349743488359
2.766705932506435,0.751858951398698,0.06845690242583916,0.7781870652871845,0.7878899514155578
2.789761815277322,0.7505444651210025,0.06934089946809222,0.7783085231775784,0.7874193036054689
2.812817698048209,0.7492129353437166,0.07023669269950426,0.7784223151558567,0.786937721335803
2.835873580819096,0.7478642604295949,0.07114441907355017,0.7785283987844636,0.7864451255834737
2.8589294635899827,0.7464983398571314,0.07206421638903814,0.7786267311546747,0.7859414370424035
2.8819853463608696,0.7451150742781746,0.07299622326914193,0.7787172688891286,0.7854265761418376
2.905041229131757,0.7437143655763517,0.07394057913935191,0.778799968144563,0.7849004630651657
2.9280971119026438,0.7422961169262879,0.07489742420431802,0.7788747846147617,0.7843630177692571
2.9511529946735306,0.7408602328536036,0.07586689942355733,0.7789416735337147,0.7838141600043135
2.9742088774444175,0.7394066192956744,0.07684914648599825,0.7790005896789958,0.7832538093342398
2.9972647602153044,0.7379351836631339,0.07784430778333387,0.7790514873753613,0.7826818851575402
3.0203206429861917,0.7364458349021018,0.07885252638215612,0.7790943204985746,0.7820983067287377
3.0433765257570786,0.734938483557116,0.07987394599484253,0.7791290424794588,0.7815029931803228
3.0664324085279655,0.7334130418347482,0.0809087109491672,0.7791556063081838,0.7808958635452324
3.0894882912988524,0.7318694236678809,0.08195696615660714,0.7791739645387888,0.7802768367798604
3.1125441740697393,0.7303075447806209,0.08301885707931542,0.7791840692939463,0.7796458317876016
3.135600056840626,0.7287273227538272,0.0840945296957321,0.7791858722699698,0.779002767442931
3.1586559396115135,0.7271286770912254,0.08518413046480401,0.7791793247420703,0.7783475626160172
3.1817118223824004,0.7255115292860831,0.08628780628878414,0.7791643775698637,0.777680136197874
3.2047677051532872,0.7238758028884187,0.08740570447458192,0.7791409812031346,0.7770004071260461
3.227823587924174,0.7222214235727139,0.0885379726936347,0.7791090856878584,0.7763082944108315
3.250879470695061,0.7205483192061003,0.08968475894027177,0.7790686406724864,0.7756037171620396
3.273935353465948,0.7188564199169897,0.09084621148854154,0.7790195954144963,0.7748865946162833
3.296991236236835,0.7171456581641141,0.09202247884747305,0.7789618987872131,0.7741568461648036
3.320047119007722,0.7154159688059453,0.09321370971474255,0.7788954992869026,0.7734143913818267
3.343103001778609,0.7136672891704553,0.09442005292871693,0.7788203450401405,0.7726591500534483
3.366158884549496,0.7118995591251875,0.09564165741884464,0.7787363838114616,0.7718910422070462
3.3892147673203827,0.7101127211475976,0.09687867215436642,0.7786435630112911,0.7711099881412147
3.4122706500912696,0.7083067203956294,0.09813124609131697,0.7785418297041619,0.7703159084562196
3.435326532862157,0.7064815047784866,0.09939952811779036,0.7784311306172199,0.7695087240849692
3.458382415633044,0.7046370250275605,0.10068366699744086,0.7783114121490217,0.7686883563244971
3.4814382984039307,0.7027732347674739,0.10198381131119283,0.7781826203786254,0.767854726867951
3.5044941811748176,0.7008900905871995,0.10330010939713209,0.7780447010749797,0.7670077578370841
3.5275500639457045,0.6989875521112102,0.10463270928855305,0.7778975997066113,0.7661473718152411
3.5506059467165914,0.6970655820706184,0.1059817586501353,0.7777412614516153,0.765273491880835
3.5736618294874787,0.6951241463742606,0.10734740471222498,0.7775756312079491,0.764386041641306
3.5967177122583656,0.6931632141796807,0.10872979420319545,0.7774006536040342,0.7634849452675557
3.6197735950292524,0.6911827579639681,0.11012907327986433,0.7772162730096653,0.7625701275288504
3.6428294778001393,0.6891827535944022,0.11154538745594259,0.7770224335472312,0.7616415138281833
3.665885360571026,0.6871631803988565,0.11297888152849386,0.7768190791032479,0.760699030238088
3.6889412433419135,0.6851240212359151,0.11442969950238203,0.776606153340206,0.7597426035368942
3.7119971261128004,0.6830652625646498,0.11589798451268635,0.7763835997087345,0.758772161245415
3.7350530088836873,0.6809868945140114,0.11738387874506434,0.7761513614600809,0.7577876316640578
3.758108891654574,0.6788889109517822,0.11888752335404348,0.7759093816589111,0.756788943910344
3.781164774425461,0.67677130955304,0.120409058379224,0.7756576031964281,0.7557760279568315
3.804220657196348,0.6746340918680821,0.12194862265937617,0.7753959688038117,0.7547488146694239
3.8272765399672353,0.6724772633897563,0.12350635374441685,0.7751244210659801,0.7537072358460561
3.850332422738122,0.6703008336201467,0.12508238780525066,0.7748429024356731,0.7526512242557442
3.873388305509009,0.6681048161365605,0.1266768595414638,0.7745513552478575,0.751580713677984
3.896444188279896,0.6658892286567638,0.12828990208685828,0.7742497217344558,0.7504956389424872
3.919500071050783,0.6636540931034101,0.12992164691281738,0.7739379440393986,0.7493959359692389
3.9425559538216697,0.6613994356676082,0.13157222372949368,0.7736159642339979,0.7482815418088622
3.965611836592557,0.6591252868715749,0.13324176038481308,0.7732837243326441,0.7471523946832748
3.988667719363444,0.6568316816303171,0.13493038276128996,0.7729411663088249,0.7460084340266219
4.011723602134331,0.6545186593122873,0.13663821467065032,0.7725882321114654,0.7448496005264679
4.034779484905218,0.6521862637989576,0.13836537774626156,0.7722248636815885,0.7436758361652319
4.0578353676761045,0.6498345435432575,0.14011199133336957,0.7718510029692942,0.7424870842618483
4.080891250446991,0.6474635516268163,0.14187817237714634,0.7714665919510582,0.7412832895136341
4.103947133217878,0.6450733458159578,0.14366403530855207,0.7710715726473447,0.740064398038347
4.127003015988765,0.6426639886163891,0.1454696919280199,0.7706658871405367,0.7388303574164127
4.150058898759652,0.6402355473265277,0.1472952512869718,0.7702494775931763,0.7375811167333044
4.17311478153054,0.6377880940894112,0.14914081956717806,0.7698222862665172,0.7363166266220524
4.196170664301427,0.6353217059431339,0.15100649995797372,0.7693842555393849,0.7350368393058666
4.219226547072314,0.6328364648697523,0.15289239253134992,0.768935327927342,0.7337417086408474
4.2422824298432005,0.6303324578426074,0.15479859411493838,0.7684754461021562,0.732431190158768
4.265338312614087,0.6278097768720046,0.15672519816291203,0.7680045529115681,0.7311052411099028
4.288394195384974,0.6252685190491978,0.15867229462482607,0.7675225913993543,0.7297638205058825
4.311450078155861,0.6227087865886225,0.1606399698124279,0.7670295048256834,0.7284068891625521
4.334505960926748,0.620130686868322,0.16262830626446614,0.7665252366877607,0.7270344097428098
4.357561843697635,0.6175343324685132,0.16463738260953328,0.7660097307407565,0.7256463467994019
4.380617726468522,0.614919841208238,0.16666727342697843,0.765482931019016,0.7242426668176528
4.403673609239409,0.6122873361800454,0.16871804910593058,0.7649447818575431,0.7228233382581034
4.4267294920102955,0.6096369457826526,0.17078977570247647,0.7643952279137562,0.721388331599034
4.449785374781183,0.6069688037515304,0.17288251479503924,0.7638342141895084,0.7199376193788493
4.47284125755207,0.6042830491873636,0.17499632333800894,0.7632616860533686,0.718471176238296
4.495897140322957,0.6015798265823308,0.177131253513679,0.7626775892631574,0.7169889789624923
4.518953023093844,0.5988592858441554,0.17928735258254616,0.762081869988731,0.7154910065227389
4.542008905864731,0.5961215823178774,0.18146466273203476,0.7614744748350076,0.7139772401180896
4.565064788635618,0.5933668768052934,0.18366322092371198,0.7608553508652313,0.7124476632166515
4.588120671406505,0.590595335582019,0.18588305873906164,0.7602244456244638,0.7109022615965902
4.6111765541773915,0.5878071304121224,0.18812420222389045,0.7595817071632995,0.709341023386812
4.634232436948278,0.5850024385602837,0.19038667173144372,0.7589270840617967,0.7077639391072965
4.657288319719165,0.5821814428014319,0.19267048176431092,0.7582605254536151,0.7061710017090512
4.680344202490052,0.5793443314278137,0.19497564081520735,0.7575819810503558,0.704562206613661
4.70340008526094,0.5764912982534491,0.19730215120672037,0.7568914011660915,0.7029375517524038
4.726455968031827,0.5736225426159297,0.19965000893011403,0.7561887367420826,0.7012970376049056
4.749511850802714,0.5707382693755156,0.20201920348329103,0.7554739393716682,0.6996406672373036
4.7725677335736005,0.5678386889114906,0.20440971770801256,0.7547469613253234,0.6979684463398924
4.795623616344487,0.564924017115731,0.2068215276264839,0.7540077555758764,0.6962803832642219
4.818679499115374,0.5619944753834518,0.20925460227741619,0.7532562758238726,0.694576489059618
4.841735381886261,0.5590502906010869,0.21170890355168018,0.7524924765230786,0.6928567775090991
4.864791264657148,0.5560916951312693,0.21418438602767173,0.7517163129061165,0.6911212651646568
4.887847147428035,0.5531189267948707,0.21668099680651323,0.7509277410102159,0.6893699713818725
4.910903030198922,0.550132228850068,0.21919867534722004,0.750126717703077,0.6876029183538408
4.933958912969809,0.5471318499683995,0.22173735330196537,0.7493132007088318,0.6858201311443701
4.957014795740696,0.5441180442077794,0.2242969543515812,0.7484871486340925,0.6840216377204297
4.980070678511583,0.5410910709824389,0.22687739404143803,0.747648520994079,0.6822074689838156
5.00312656128247,0.5380511950297618,0.22947857961784904,0.7467972782388099,0.6803776588020044
5.026182444053357,0.5349986863739863,0.2321004098651525,0.74593338177935,0.6785322440381655
5.049238326824244,0.5319338202867472,0.2347427749436248,0.7450567940140989,0.6766712645803025
5.072294209595131,0.528856877244429,0.23740555622838685,0.7441674783551117,0.6747947633694943
5.095350092366018,0.525768142882309,0.24008862614946683,0.7432653992544376,0.6729027864272061
5.118405975136905,0.5226679079454646,0.24279184803318848,0.742350522230465,0.6709953828816412
5.1414618579077915,0.5195564682364254,0.2455150759450578,0.741422813894261,0.6690726049931034
5.164517740678678,0.5164341245595507,0.24825815453432507,0.7404822419758906,0.6671345081783426
5.187573623449565,0.5133011826621129,0.2510209188804034,0.739528775350705,0.6651811510338521
5.210629506220452,0.5101579531720739,0.25380319434132903,0.7385623840655842,0.6632125953580913
5.23368538899134,0.5070047515325377,0.25660479640445194,0.7375830393651207,0.6612289061726022
5.256741271762227,0.5038418979328704,0.2594255305395498,0.7365907137177318,0.659230151741995
5.279797154533114,0.5006697172364744,0.2622651920545623,0.7355853808416848,0.6572164035927692
5.302853037304001,0.4974885389052121,0.2651235659541437,0.734567015731023,0.6551877365309482
5.3259089200748875,0.49429869692047224,0.2680004268012396,0.7335355946813771,0.6531442286584944
5.348964802845774,0.4911005297008755,0.2708955385818918,0.732491095315648,0.651085961388481
5.372020685616661,0.4878943800166191,0.2738086545734829,0.7314334966095473,0.6490130194589903
5.395076568387548,0.4846805949004621,0.27673951721663126,0.7303627789169791,0.6469254909457152
5.418132451158435,0.48145952555535454,0.27968785799095286,0.7292789239952503,0.6448234672732339
5.441188333929322,0.478231527258718,0.2826533972949065,0.7281819150300932,0.6427070432249348
5.464244216700209,0.4749969592633866,0.28563584432994327,0.7270717366604849,0.6405763169515631
5.487300099471096,0.4717561846952204,0.2886348969891808,0.72594837500325,0.6384313899783676
5.510355982241983,0.4685095704474063,0.291650241750828,0.7248118176774301,0.6362723672108191
5.53341186501287,0.4652574870714642,0.29468155357658316,0.7236620538284034,0.6340993569388799
5.556467747783757,0.46200030866497843,0.2977284958152353,0.7224990741517422,0.6319124708397981
5.579523630554644,0.4587384127560805,0.3007907201116933,0.7213228709167891,0.6297118239794054
5.602579513325531,0.4554721801847077,0.30386786632167323,0.7201334379899386,0.627497534811896
5.625635396096418,0.4522019949806695,0.3069595624322733,0.7189307708576061,0.6252697251780633
5.648691278867305,0.44892824423855504,0.3100654244886641,0.7177148666488715,0.6230285203019768
5.671747161638192,0.4456513179895183,0.313185056527125,0.7164857241577777,0.620774048786074
5.6948030444090785,0.4423716090699827,0.31631805051465495,0.7152433438652706,0.6185064426046533
5.717858927179965,0.4390895129873077,0.3194639862953849,0.7139877279607639,0.6162258370957444
5.740914809950852,0.4358054277824672,0.32262243154402076,0.7127188803633127,0.6139323709513425
5.763970692721739,0.4325197538897896,0.3257929417265405,0.7114368067423784,0.6116261862059847
5.787026575492627,0.42923289399381576,0.3289750600683707,0.710141514538171,0.609307428223658
5.810082458263514,0.425945252883335,0.3321683175302629,0.7088330129815519,0.606976245683018
5.833138341034401,0.4226572373026602,0.3353722327920906,0.7075113131134796,0.6046327905609089
5.8561942238052875,0.41936925580021167,0.3385863122447815,0.7061764278039848,0.6022772181141685
5.879250106576174,0.41608171857448023,0.34181004999059844,0.7048283717706567,0.5999096868597081
5.902305989347061,0.4127950373174443,0.3450429278519792,0.7034671615966261,0.597530358552855
5.925361872117948,0.4095096250555225,0.3482844153891385,0.7020928157480284,0.5951393981639478
5.948417754888835,0.40622589598814374,0.351533969926635,0.700705354590931,0.5927369738531775
5.971473637659722,0.40294426532402466,0.35479103658909716,0.6993048004077096,0.5903232569436639
5.994529520430609,0.3996651491152462,0.3580550483462995,0.697891177412858,0.587898421892765
6.017585403201496,0.39638896408922614,0.36132542606777324,0.696464511768215,0.5854626462616097
6.0406412859723835,0.39311612747868874,0.36460157858713044,0.6950248315975942,0.5830161106828554
6.06369716874327,0.38984705684973847,0.36788290277627217,0.6935721670008009,0.5805589988266642
6.086753051514157,0.38658216992814476,0.37116878362964734,0.6921065500670213,0.5780914973648983
6.109808934285044,0.3833218844239553,0.37445859435871753,0.6906280148875685,0.5756137959335368
6.132864817055931,0.38006661785455415,0.37775169649677837,0.6891365975679734,0.5731260870933127
6.155920699826818,0.3768167873662887,0.38104744001427787,0.6876323362394015,0.5706285662885773
6.178976582597705,0.3735728095547923,0.38434516344476444,0.6861152710693861,0.5681214318043948
6.202032465368592,0.37033510028413325,0.3876441940215866,0.6845854442718615,0.5656048847218741
6.2250883481394785,0.3671040745049266,0.3909438478254593,0.6830429001164828,0.5630791288717484
6.248144230910365,0.36388014607154784,0.39424342994299827,0.6814876849372202,0.5605443707862092
6.271200113681252,0.36066372755859116,0.3975422346363167,0.6799198471402129,0.5580008196490102
6.294255996452139,0.3574552300767211,0.4008395455237658,0.6783394372108725,0.5554486872438501
6.317311879223027,0.35425506308806753,0.4041346357718893,0.6767465077202209,0.5528881879010556
6.340367761993914,0.3510636342213195,0.40742676829865193,0.6751411133304531,0.5503195384425755
6.363423644764801,0.347881349086675,0.41071519598798834,0.6735233107997112,0.5477429581253076
6.386479527535688,0.3447086110908102,0.4139991619157067,0.6718931589860604,0.5451586685827794
6.4095354103065745,0.34154582125203076,0.41727789958676986,0.6702507188506549,0.5425668937652048
6.432591293077461,0.33839337801577524,0.4205506331839615,0.6685960534600847,0.5399678598779388
6.455647175848348,0.33525167707063935,0.4238165778279334,0.6669292279878911,0.5373617953183597
6.478703058619235,0.3321211111650957,0.42707493984861544,0.6652503097152445,0.5347489306112043
6.501758941390122,0.3290020699250839,0.4303249170679546,0.6635593680307739,0.5321294983423877
6.524814824161009,0.32589493967265,0.43356569909393844,0.6618564744295391,0.5295037330913371
6.547870706931896,0.3228001032458135,0.43679646762583857,0.6601417025111405,0.526871871361877
6.570926589702783,0.3197179398198453,0.4400163967706005,0.6584151279769549,0.5242341515116968
6.59398247247367,0.31664882473013817,0.44322465337028755,0.6566768286264958,0.5215908136804425
6.617038355244557,0.3135931292968554,0.44642039734047073,0.654926884352887,0.5189420997164685
6.640094238015444,0.3105512206515401,0.4496027820194461,0.6531653771374477,0.5162882531022924
6.663150120786331,0.3075234615658744,0.45277095452813854,0.6513923910433816,0.5136295188787957
6.686206003557218,0.304510210282771,0.45592405614054027,0.6496080122085679,0.5109661435682147
6.709261886328105,0.30151182034998536,0.459061222664515,0.647812328837448,0.5082983750959681
6.732317769098992,0.2985286404564324,0.46218158483278216,0.6460054311920077,0.5056264627113712
6.755373651869879,0.2955610142713932,0.46528426870388084,0.6441874115818498,0.5029506569072846
6.7784295346407655,0.29260928028679567,0.46836839607289604,0.6423583643533578,0.5002712093387509
6.801485417411652,0.2896737716627504,0.4714330848917145,0.6405183858779476,0.49758837274067363
6.824541300182539,0.2867548160765236,0.4744774496985616,0.6386675745394089,0.4949024008445907
6.847597182953427,0.2838527355751242,0.47750060205655415,0.6368060307203351,0.4922135482946028
6.870653065724314,0.28096784643168243,0.48050165100098885,0.6349338567876449,0.4895220705625129
6.893708948495201,0.27810045900579117,0.4834797034950713,0.6330511570771937,0.4868282238622365
6.916764831266088,0.2752508776079818,0.48643386489377194,0.6311580378774835,0.484132265063546
6.9398207140369745,0.27241940036849993,0.48936323941548415,0.6292546074124685,0.48143445160520926
6.962876596807861,0.269606319110543,0.4922669306211416,0.6273409758234649,0.4787350414075884
6.985932479578748,0.2668119192281185,0.49514404190043815,0.625417255150168,0.4760342927847629
7.008988362349635,0.26403647956867543,0.4979936769647795,0.6234835593107828,0.47333246435624365
7.032044245120522,0.2612802723206582,0.5008149403465804,0.6215400040812747,0.47062981495834516
7.055100127891409,0.2585435629061245,0.5036069379045088,0.619586707073748,0.4679266035552853
7.078156010662296,0.25582660987856587,0.5063687773342641,0.6176237877139584,0.4652230891500806
7.101211893433183,0.2531296648260603,0.5090995686844622,0.6156513672179729,0.46251953069530816
7.1242677762040705,0.2504529722798832,0.5117984248771906,0.6136695685679805,0.459816187003805
7.147323658974957,0.24779676962869346,0.5144644622327816,0.6116785164872703,0.4571133166593766
7.170379541745844,0.24516128703840537,0.5170968009983422,0.6096783374143839,0.45441117792758545
7.193435424516731,0.24254674737785112,0.5196945658795652,0.6076691594764566,0.45171002866669446
7.216491307287618,0.23995336615032836,0.5222568865753396,0.6056511124617593,0.44901012623883624
7.239547190058505,0.23738135143112166,0.5247828983146652,0.6036243277914553,0.44631172742148234
7.262603072829392,0.23483090381107738,0.5272717423953668,0.6015889384905853,0.4436150883192855
7.285658955600279,0.23230221634630366,0.529722566724098,0.5995450791582974,0.440920464276368
7.3087148383711655,0.22979547451405813,0.5321345263571123,0.5974928859373364,0.43822810978913024
7.331770721142052,0.2273108561748776,0.5345067840412746,0.5954324964828098,0.43553827841965137
7.354826603912939,0.22484853154099504,0.536838510754779,0.5933640499302479,0.4328512227097558
7.377882486683827,0.2224086631510795,0.5391288862470317,0.591287686862976,0.4301671940958174
7.400938369454714,0.2199914058513263,0.5413770995771552,0.5892035492788174,0.42748644282437365
7.423994252225601,0.21759690678291407,0.5435823496505621,0.5871117805561461,0.42480921786862014
7.447050134996488,0.21522530537583767,0.5457438457530457,0.5850125254193106,0.4221357668458566
7.470106017767375,0.21287673334911497,0.5478608080818328,0.5829059299034476,0.4194663359359541
7.4931619005382615,0.21055131471735614,0.5499324682730377,0.5807921413187096,0.41680116980091153
7.516217783309148,0.20824916580367564,0.5519580699249601,0.5786713082139254,0.41414051150556885
7.539273666080035,0.20597039525891586,0.5539368691166677,0.5765435803397182,0.4114846024395441
7.562329548850922,0.2037151040871438,0.5558681349213023,0.5744091086111034,0.4088336822404587
7.585385431621809,0.20148338567737073,0.5577511499135546,0.5722680450695902,0.40618798871851447
7.608441314392696,0.1992753258414371,0.5595852106707507,0.5701205428448102,0.4035477577824854
7.631497197163583,0.19709100285799463,0.5613696282669995,0.5679667561156991,0.40091322336718366
7.6545530799344705,0.19493048752250916,0.5631037287598518,0.5658068400712551,0.3982846173624587
7.677608962705357,0.1927938432031983,0.5647868536689294,0.5636409508709004,0.39566216954378824
7.700664845476244,0.19068112590280906,0.566418360445988,0.5614692456044709,0.3930461075045133
7.723720728247131,0.18859238432613332,0.5679976229358805,0.5592918822518611,0.3904366565897729
7.746776611018018,0.18652765995314918,0.5695240318279009,0.55710901964235,0.38783403983218867
7.769832493788905,0.1844869871176686,0.5709969950969942,0.5549208174136359,0.38523847788934806
7.792888376559792,0.18247039309136487,0.5724159384343246,0.5527274359706058,0.38265018898313313
7.815944259330679,0.18047789817304433,0.5737803056667116,0.550529036443868,0.3800693888409399
7.839000142101566,0.17850951578302107,0.5750895591644462,0.5483257806480744,0.3774962906388292
7.8620560248724525,0.17656525256244573,0.5763431802370167,0.5461178310400616,0.37493110494665033
7.885111907643339,0.17464510847743306,0.5775406695162854,0.5439053506768379,0.3723740396751728
7.908167790414226,0.17274907692782682,0.5786815473266679,0.5416885031734426,0.36982530002526337
7.931223673185114,0.1708771448604351,0.5797653540418856,0.5394674526607093,0.36728508843913815
7.954279555956001,0.16902929288656363,0.5807916504278708,0.537242363742958,0.36475360455372136
7.977335438726888,0.1672054954036688,0.5817600179714266,0.5350134014556456,0.3622310451561357
8.000391321497775,0.1654057207209498,0.5826700591942525,0.5327807312230023,0.35971760414135107
8.023447204268662,0.1636299311886924,0.5835213979519688,0.5305445188156825,0.35721347247201146
8.046503087039548,0.16187808333117548,0.5843136797177891,0.5283049303084575,0.3547188381404593
8.069558969810435,0.16015012798294656,0.5850465718505071,0.526062132037978,0.35223388613297435
8.092614852581322,0.15844601042827108,0.5857197638464824,0.523816290560634,0.3497587983962397
8.115670735352209,0.15676567054355667,0.586332967575332,0.5215675726105395,0.3472937538060465
8.138726618123096,0.1551090429425524,0.5868859174990506,0.5193161450576693,0.344838928138245
8.161782500893983,0.15347605712412152,0.5873783708743047,0.5170621748661742,0.34239449404194805
8.18483838366487,0.15186663762238475,0.587810107937665,0.5148058290529024,0.33996062101498875
8.207894266435757,0.150280704159031,0.5881809320735645,0.5125472746461516,0.33753747538163414
8.230950149206643,0.14871817179759203,0.5884906699647883,0.5102866786446802,0.3351252202725507
8.25400603197753,0.14717895109947784,0.5887391717253241,0.5080242079770009,0.332724015607018
8.277061914748417,0.14566294828157064,0.5889263110154253,0.5057600294609821,0.3303340180773819
8.300117797519304,0.14417006537517527,0.5890519851387583,0.5034943097637843,0.3279553811357386
8.323173680290193,0.1427002003861272,0.5891161151215301,0.5012272153621521,0.32558825498283495
8.34622956306108,0.14125324745586001,0.5891186457735118,0.4989589125030887,0.3232327865591735
8.369285445831967,0.1398290970232351,0.5890595457309024,0.4966895671649335,0.3208891195383001
8.392341328602853,0.13842763598694333,0.5889388074809888,0.49441934501886803,0.31855739432226043
8.41539721137374,0.13704874786828675,0.5887564473685948,0.4921484113908706,0.31623774803919863
8.438453094144627,0.13569231297415402,0.5885125055843201,0.48987693122414244,0.3139303145430776
8.461508976915514,0.13435820856000683,0.588207046134605,0.48760506904202455,0.3116352244154936
8.484564859686401,0.13304630899269854,0.5878401567936694,0.4853329889114284,0.3093526049695568
8.507620742457288,0.13175648591294964,0.5874119490374053,0.48306085440679747,0.30708258025581014
8.530676625228175,0.1304886083973103,0.586922557959315,0.4807888285746205,0.30482527107015195
8.553732507999062,0.12924254311944453,0.5863721421686187,0.4785170738985144,0.3025807949637313
8.576788390769948,0.1280181545105751,0.5857608836706688,0.4762457522648938,0.30034926625478003
8.599844273540835,0.1268153049189347,0.5850889877298359,0.47397502492924615,0.29813079604234505
8.622900156311722,0.1256338547680728,0.584356682715045,0.47170505248302674,0.29592549222188236
8.64595603908261,0.12447366271387456,0.5835642199281711,0.4694359948211905,0.29373345950267443
8.669011921853496,0.12333458580015297,0.5827118734155122,0.4671680111103755,0.2915547994270286
8.692067804624383,0.12221647961268169,0.5817999397625884,0.4649012597577514,0.28938961039121613
8.71512368739527,0.12111919843154227,0.5808287378725258,0.4626358983805479,0.287237987668107
8.738179570166157,0.12004259538166458,0.5797986087283097,0.4603720837762748,0.2851000234314581
8.761235452937044,0.11898652258144672,0.5787099151392049,0.45810997189364583,0.28297580678180834
8.78429133570793,0.11795083128934589,0.5775630414716623,0.45584971780421796,0.2808654237739347
8.807347218478817,0.11693537204833829,0.5763583933650451,0.45359147567475677,0.2787689574458243
8.830403101249704,0.11593999482815256,0.5750963974325277,0.45133539874033674,0.2766864878491125
8.853458984020591,0.11496454916518728,0.5737775009475308,0.44908163927818723,0.2746180920809409
8.87651486679148,0.11400888430002928,0.5724021715160796,0.4468303485822905,0.272563844317186
8.899570749562367,0.11307284931249642,0.5709708967354786,0.4445816769387418,0.27052381584701085
8.922626632333253,0.11215629325413284,0.5694841838397131,0.4423357736018751,0.2684980751086874
8.94568251510414,0.11125906527809375,0.5679425593320041,0.4400927867711642,0.2664866877266447
8.968738397875027,0.11038101476635968,0.5663465686049501,0.43785286356890235,0.2644897165496893
8.991794280645914,0.10952199145422857,0.5646967755487035,0.43561615001866594,0.26250722169035057
9.014850163416801,0.10868184555203812,0.5629937621476414,0.43338279102456573,0.26053926056530025
9.037906046187688,0.1078604278640778,0.561238128065998,0.4311529303512901,0.25858588793679715
9.060961928958575,0.10705758990465483,0.5594304902229371,0.4289267106049419,0.25664715595510723
9.084017811729462,0.10627318401128401,0.5575714823575502,0.42670427321467136,0.25472311420185006
9.107073694500349,0.10550706345497678,0.5556617545842751,0.42448575841510605,0.2528138097342225
9.130129577271235,0.10475908254760968,0.5537019729392357,0.4222713052295798,0.2509192871300514
9.153185460042122,0.1040290967463578,0.5516928189180086,0.42006105145415884,0.24903958853362645
9.17624134281301,0.10331696275518312,0.5496349890053309,0.41785513364246624,0.2471747537022662
9.199297225583896,0.10262253862337274,0.5475291941972648,0.4156536870913023,0.2453248200535695
9.222353108354783,0.10194568384112598,0.5453761595163386,0.4134568458270602,0.24348982271330613
9.24540899112567,0.10128625943219395,0.5431766235201896,0.411264742592934,0.2416697945638999
9.268464873896557,0.10064412804357907,0.5409313378042322,0.40907750883691585,0.23986476629345965
9.291520756667444,0.10001915403230568,0.5386410664988792,0.40689527470058023,0.23807476644531314
9.31457663943833,0.09941120354927699,0.5363065857618442,0.40471816900864976,0.2362998214679996
9.337632522209217,0.09882014462023647,0.53392868326605,0.4025463192593392,0.2345399557656783
9.360688404980104,0.09824584722385572,0.5315081576836719,0.4003798516154727,0.2327951917489105
9.383744287750991,0.09768818336697295,0.5290458181668387,0.39821889089636786,0.23106554988577324
9.40680017052188,0.09714702715701011,0.5265424838255137,0.39606356057048225,0.22935104875326456
9.429856053292767,0.09662225487159849,0.5239989832030766,0.3939139827488157,0.2276517050889607
9.452911936063654,0.09611374502544509,0.5214161537501173,0.39177027817905963,0.22596753384288484
9.47596781883454,0.09562137843447488,0.5187948412969569,0.3896325662404897,0.22429854822955192
9.499023701605427,0.09514503827728549,0.5161358995253988,0.387500964939592,0.22264475978015083
9.522079584376314,0.0946846101539527,0.5134401894402113,0.38537559090641516,0.2210061783948284
9.545135467147201,0.09423998214222715,0.510708578840832,0.38325655939164077,0.2193828123950404
9.568191349918088,0.09381104485116329,0.5079419417937848,0.3811439842643631,0.21777466857593533
9.591247232688975,0.09339769147222408,0.5051411581062856,0.37903797801056915,0.21618175225873773
9.614303115459862,0.0929998178279044,0.502307112801507,0.37693865173231056,0.21460406734309925
9.637358998230749,0.09261732241791848,0.49944069559596654,0.3748461151475566,0.2130416163593863
9.660414881001635,0.09225010646299629,0.49654280037948956,0.37276047659071987,0.2114944005208736
9.683470763772522,0.09189807394633494,0.4936143246981906,0.37068184301384344,0.20996241977581545
9.70652664654341,0.0915611316527511,0.49065616924090677,0.3686103199884406,0.20844567285936547
9.729582529314296,0.09123918920558095,0.4876692373295057,0.36654601170797524,0.20694415734531826
9.752638412085183,0.09093215910137409,0.4846544344134807,0.3644890209909731,0.2054578696976465
9.77569429485607,0.09063995674242743,0.48161266756923304,0.3624394492847528,0.20398680532180777
9.798750177626957,0.0903625004672054,0.4785448450044301,0.36039739666976595,0.20253095861579715
9.821806060397844,0.09009971157869183,0.47545187556781837,0.3583629618645339,0.20109032302092175
9.84486194316873,0.08985151437071875,0.4723346682648535,0.35633624223117133,0.19966489107227453
9.867917825939617,0.08961783615231639,0.46919413177950187,0.3543173337814842,0.19825465444888551
9.890973708710504,0.089398607270128,0.4660311740025527,0.35230633118363053,0.1968596040235297
9.914029591481391,0.08919376112893239,0.46284670156676627,0.3503033277693325,0.19547972991217125
9.93708547425228,0.0890032342103158,0.459641619389173,0.3483084155416277,0.19411502152302462
9.960141357023167,0.08882696608953355,0.45641683022082374,0.34632168518314854,0.1927654676052148
9.983197239794054,0.0886648994506013,0.45317323420427486,0.34434322606491535,0.19143105629701693
10.00625312256494,0.0885169800996535,0.44991172843908545,0.3423731262556344,0.19011177517366093
10.029309005335827,0.08838315697660643,0.44663320655558214,0.3404114725314861,0.1888076112946823
10.052364888106714,0.0882633821651604,0.44333855829713964,0.3384583503863924,0.18751855125080485
10.075420770877601,0.08815761090117549,0.4400286691112059,0.3365138440427506,0.18624458121033985
10.098476653648488,0.08806580157945257,0.4367044197492927,0.33457803646262174,0.1849856869650868
10.121532536419375,0.08798791575895032,0.43336668587613253,0.3326510093593607,0.18374185397572257
10.144588419190262,0.087923918166467,0.4300163376881941,0.3307328432096764,0.18251306741666523
10.167644301961149,0.08787377669881388,0.42665423954173115,0.32882361726610887,0.18129931222039977
10.190700184732036,0.08783746242350571,0.4232812495905278,0.32692340956991195,0.18010057312125358
10.213756067502922,0.08781494957799146,0.41989821943348915,0.32503229696432834,0.17891683469860986
10.23681195027381,0.08780621556744687,0.41650599377221154,0.3231503551082448,0.17774808141954754
10.259867833044696,0.08781124096114838,0.4131054100786554,0.32127765849021606,0.17659429768089654
10.282923715815583,0.08783000948744593,0.40969729827302853,0.319414280442844,0.17545546785069838
10.30597959858647,0.08786250802735047,0.4062824804119748,0.31756029315750045,0.1743315763090611
10.329035481357357,0.08790872660674975,0.402861770387151,0.31571576769938164,0.17322260748839924
10.352091364128244,0.08796865838726402,0.3994359736342614,0.313880774022881,0.17212854591304902
10.37514724689913,0.08804229965575154,0.39600588685260657,0.3120553809872697,0.17104937623824906
10.398203129670017,0.08812964981247133,0.3925722977351907,0.31023965637267154,0.16998508328847817
10.421259012440904,0.08823071135790907,0.38913598470942107,0.30843366689632024,0.16893565209514042
10.444314895211791,0.08834548987826986,0.3856977166884181,0.30663747822908827,0.16790106793358975
10.46737077798268,0.08847399402963939,0.3822582528329466,0.30485115501227306,0.16688131635948436
10.490426660753567,0.08861623552081359,0.3788183423239651,0.3030747608746316,0.16587638324446366
10.513482543524454,0.08877222909479442,0.3753787241457774,0.3013083584496475,0.16488625481113794
10.53653842629534,0.08894199250894773,0.3719401268797658,0.2995520093930233,0.16391091766738375
10.559594309066227,0.08912554651381747,0.36850326850866727,0.297805774400382,0.1629503588399362
10.582650191837114,0.08932291483058807,0.365068856231349,0.2960697132251691,0.16200456580726935
10.605706074608001,0.08953412412718581,0.36163758628802745,0.2943438846967415,0.16107352653175766
10.628761957378888,0.08975920399300737,0.3582101437958661,0.29262834673863225,0.1601572294911087
10.651817840149775,0.08999818691226286,0.3547872025948774,0.29092315638698013,0.1592556637090603
10.674873722920662,0.09025110823591821,0.35136942510404645,0.2892283698091109,0.15836881878533235
10.697929605691549,0.09051800615222061,0.3479574621875836,0.28754404232226044,0.1574966849248257
10.720985488462436,0.09079892165578911,0.3445519530312064,0.28587022841242676,0.15663925296605902
10.744041371233322,0.09109389851525067,0.34115352502834256,0.28420698175334047,0.15579651440883524
10.76709725400421,0.09140298323940106,0.33776279367613865,0.2825543552255415,0.15496846144112802
10.790153136775096,0.09172622504186785,0.33438036248115033,0.28091240093555103,0.15415508696518007
10.813209019545983,0.09206367580425238,0.33100682287458566,0.2792811702351273,0.1533563846228033
10.83626490231687,0.09241539003772549,0.32764275413696314,0.27766071374059337,0.15257234881987186
10.859320785087757,0.0927814248430513,0.3242887233320435,0.2760510813522267,0.1518029747499981
10.882376667858644,0.09316183986901191,0.3209452852498844,0.2744523222736975,0.15104825841738181
10.90543255062953,0.09355669726920525,0.3176129823588656,0.2728644850315459,0.1503081966588225
10.928488433400418,0.09396606165718688,0.314292344766523,0.2712876174946864,0.14958278716488468
10.951544316171304,0.09439000005992669,0.3109838901890291,0.26972176689392763,0.14887202850020503
10.974600198942191,0.09482858186954986,0.30768812392914857,0.2681669798414972,0.14817592012293135
10.997656081713078,0.09528187879333137,0.3044055388624971,0.2666233023505591,0.1474944624032816
11.020711964483967,0.09574996480191314,0.3011366154319255,0.26509077985471396,0.14682765664121208
11.043767847254854,0.09623291607571166,0.29788182164984894,0.2635694572274696,0.1461755050831833
11.06682373002574,0.09673081094948532,0.29464161310833453,0.26205937880167035,0.14553801093801091
11.089879612796627,0.09724372985502851,0.2914164329967639,0.2605605883888757,0.1449151783917908
11.112935495567514,0.0977717552619619,0.2882067121268782,0.2590731292986752,0.14430701262188492
11.135991378338401,0.09831497161658642,0.2850128689650134,0.2575970443579289,0.14371351980995611
11.159047261109288,0.0988734652787705,0.28183530967133286,0.25613237592992194,0.1431347071540384
11.182103143880175,0.09944732445683929,0.27867442814585985,0.25467916593342216,0.14257058287963004
11.205159026651062,0.10003663914043628,0.27553060608111307,0.25323745586162927,0.14202115624979633
11.228214909421949,0.10064150103132766,0.27240421302114565,0.2518072868010038,0.14148643757426782
11.251270792192836,0.10126200347212122,0.2692956064267887,0.2503886994499648,0.14096643821752128
11.274326674963723,0.1018982413728727,0.2662051317468978,0.24898173413744504,0.14046117060582863
11.29738255773461,0.10255031113555337,0.2631331224954028,0.24758643084129128,0.13997064823326053
11.320438440505496,0.10321831057635433,0.2600799003339579,0.24620282920649939,0.1394948856666299
11.343494323276383,0.10390233884580483,0.25704577515999283,0.2448309685632715,0.1390338985493614
11.36655020604727,0.10460249634668319,0.25403104519996306,0.24347088794488456,0.1385877036042723
11.389606088818157,0.10531888464970124,0.25103599710759866,0.24212262610535812,0.13815631863525032
11.412661971589044,0.10605160640694515,0.248060906066953,0.24078622153690984,0.1377397625278141
11.43571785435993,0.10680076526305807,0.24510603590005114,0.23946171248718684,0.13733805524854126
11.458773737130818,0.10756646576415206,0.24217163917894194,0.23814913697626167,0.13695121784334993
11.481829619901704,0.1083488132644401,0.23925795734195596,0.23684853281338045,0.1365792724346195
11.504885502672591,0.10914791383058114,0.23636522081397557,0.2355599376134518,0.1362222422171354
11.527941385443478,0.10996387414373507,0.23349364913052306,0.2342833888132645,0.1358801514528442
11.550997268214367,0.1107968013993268,0.23064345106547607,0.23301892368742227,0.13555302546440517
11.574053150985254,0.11164680320452249,0.22781482476222165,0.23176657936398362,0.13524089062752348
11.59710903375614,0.11251398747342577,0.22500795786805883,0.23052639283979434,0.1349437743620522
11.620164916527028,0.11339846232000281,0.22222302767166888,0.2292984009955018,0.13466170512184925
11.643220799297914,0.11430033594875226,0.2194602012434678,0.22808264061023809,0.1343947123833764
11.666276682068801,0.11521971654313803,0.21671963557866208,0.22687914837596043,0.1341428266330277
11.689332564839688,0.11615671215180866,0.2140014777428306,0.22568796091143697,0.13390607935317478
11.712388447610575,0.11711143057263043,0.21130586501985774,0.2245091147758657,0.13368450300691762
11.735444330381462,0.11808397923456725,0.2086329250620465,0.2233426464821146,0.13347813102152947
11.758500213152349,0.11907446507744428,0.20598277604224297,0.22218859250957146,0.133286997770585
11.781556095923236,0.12008299442963803,0.20335552680780614,0.2210469893165905,0.1331111385547621
11.804611978694123,0.12110967288374046,0.2007512770362616,0.2199178733525251,0.1329505895813077
11.82766786146501,0.12215460517025017,0.19817011739247906,0.21880128106933364,0.1328053879421595
11.850723744235896,0.12321789502934952,0.19561212968721844,0.21769724893274733,0.1326755715907153
11.873779627006783,0.12429964508083154,0.19307738703689206,0.216605813432988,0.13256117931724387
11.89683550977767,0.1253999566922471,0.1905659540243936,0.21552701109502417,0.13246225072293083
11.919891392548557,0.12651892984534813,0.1880778868608486,0.21446087848835393,0.13237882619255512
11.942947275319444,0.1276566630009086,0.1856132335481443,0.21340745223630267,0.13231094686579223
11.96600315809033,0.1288132529620122,0.18317203404210072,0.21236676902482496,0.1322586546071413
11.989059040861218,0.12998879473589975,0.1807543204161474,0.21133886561079865,0.13222199197447504
12.012114923632105,0.13118338139447794,0.1783601170253754,0.21032377882980025,0.13220100218621195
12.035170806402991,0.1323971039335957,0.17598944067083644,0.20932154560335067,0.13219572908711244
12.058226689173878,0.13363005113120124,0.17364230076396536,0.20833220294562044,0.1322062171127008
12.081282571944767,0.13488230940449988,0.1713186994910054,0.20735578796958348,0.13223251125231789
12.104338454715654,0.13615396266623722,0.16901863197732103,0.2063923378926097,0.13227465701080907
12.12739433748654,0.1374450921802417,0.16674208645148228,0.20544189004148475,0.1323327003688555
12.150450220257428,0.13875577641636314,0.1644890444090153,0.2045044818568487,0.132406687741957
12.173506103028314,0.1400860909049531,0.16225948077571042,0.20358015089704254,0.13249666593807705
12.196561985799201,0.14143610809103752,0.1600533640703875,0.20266893484135365,0.13260268211396217
12.219617868570088,0.1428058971883385,0.15787065656701918,0.20177087149265052,0.1327247837301501
12.242673751340975,0.1441955240333083,0.15571131445611805,0.20088599877939867,0.13286301850468185
12.265729634111862,0.1456050509393438,0.15357528800529624,0.20001435475704812,0.13301743436553667
12.288785516882749,0.14703453655135604,0.15146252171891006,0.19915597760878523,0.1331880794018086
12.311841399653636,0.14848403570087426,0.14937295449670535,0.19831090564564033,0.13337500181364714
12.334897282424523,0.14995359926186935,0.1473065197913832,0.19747917730594405,0.13357824986098585
12.35795316519541,0.15144327400748672,0.14526314576500918,0.1966608311541254,0.13379787181108466
12.381009047966296,0.15295310246788302,0.14324275544419157,0.1958559058788445,0.1340339158849141
12.404064930737183,0.15448312278936555,0.1412452668739594,0.19506444029045455,0.13428643020241182
12.42712081350807,0.15603336859503786,0.13927059327027239,0.19428647331778684,0.13455546272664404
12.450176696278957,0.15760386884715794,0.1373186431710994,0.19352204400425374,0.13484106120690592
12.473232579049844,0.15919464771141978,0.1353893205860052,0.19277119150326535,0.13514327312079882
12.49628846182073,0.16080572442337088,0.13348252514418782,0.19203395507295548,0.13546214561532277
12.519344344591618,0.16243711315718243,0.13159815224091242,0.19131037407021323,0.13579772544702595
12.542400227362505,0.16408882289698973,0.12973609318229082,0.19060048794401793,0.13615005892125476
12.565456110133391,0.16576085731102266,0.12789623532835823,0.18990433622807448,0.13651919183055047
12.588511992904278,0.16745321462874777,0.1260784622344024,0.18922195853274765,0.13690516939224054
12.611567875675167,0.16916588752124315,0.12428265379050248,0.18855339453629444,0.13730803618527507
12.634623758446054,0.1708988629850282,0.1225086863592392,0.1878986839753942,0.13772783608636066
12.65767964121694,0.17265212222957163,0.12075643291153762,0.18725786663497626,0.13816461220544718
12.680735523987828,0.17442564056869594,0.11902576316061123,0.18663098233734712,0.13861840682062354
12.703791406758715,0.17621938731610012,0.11731654369397414,0.18601807093061817,0.13908926131248162
12.726847289529601,0.17803332568521765,0.11562863810349334,0.18541917227643676,0.13957721609801008
12.749903172300488,0.17986741269362394,0.11396190711345483,0.18483432623702414,0.14008231056408
12.772959055071375,0.18172159907220659,0.11231620870661982,0.18426357266152393,0.14060458300058837
12.796014937842262,0.183595829179305,0.11069139824824968,0.18370695137166632,0.14114407053332542
12.819070820613149,0.18549004092002438,0.10908732860808054,0.18316450214675362,0.14170080905663493
12.842126703384036,0.1874041656709219,0.10750385028023084,0.18263626470797342,0.1422748331659376
12.865182586154923,0.1893381282102588,0.1059408115010273,0.1821222787020471,0.14286617609018937
12.88823846892581,0.1912918466540049,0.10439805836473659,0.18162258368422154,0.1434748696243485
12.911294351696696,0.1932652323977756,0.10287543493719263,0.18113721910061306,0.1441009440619256
12.934350234467583,0.19525819006487458,0.10137278336731086,0.18066622426991366,0.1447444281276934
12.95740611723847,0.1972706174606058,0.09988994399648309,0.18020963836447007,0.14540534891063328
12.980462000009357,0.19930240553301146,0.09842675546584832,0.17976750039074735,0.14608373179719697
13.003517882780244,0.2013534383401825,0.09698305482143667,0.17933984916918944,0.14677960040496296
13.026573765551131,0.20342359302427854,0.09555867761718531,0.17892672331348972,0.14749297651676738
13.049629648322018,0.20551273979238394,0.09415345801582706,0.1785281612092864,0.14822388001539072
13.072685531092905,0.20762074190431604,0.09276722888765376,0.178144200992297,0.14897232881888106
13.095741413863792,0.20974745566749003,0.09139982190715819,0.17777488052590829,0.14973833881659612
13.118797296634678,0.2118927304389332,0.09005106764755975,0.1774202373782383,0.15052192380604562
13.141853179405565,0.21405640863452918,0.08872079567322058,0.17708030879868816,0.1513230954306162
13.164909062176454,0.2162383257455608,0.08740883462996006,0.17675513169400145,0.15214186311826047
13.18796494494734,0.21843831036260453,0.08611501233327744,0.1764447426038514,0.152978234021232
13.211020827718228,0.22065618420682206,0.08483915585449205,0.17614917767597493,0.1538322129569479
13.234076710489115,0.22289176216867226,0.08358109160481432,0.17586847264087485,0.15470380235005854
13.257132593260001,0.2251448523540615,0.08234064541735972,0.17560266278611156,0.15559300217580505
13.280188476030888,0.2274152561379304,0.08111764262711944,0.17535178293020676,0.15649980990474335
13.303244358801775,0.22970276822526356,0.07991190814890342,0.17511586739618196,0.15742422044891252
13.326300241572662,0.2320071767194933,0.07872326655327128,0.17489494998475547,0.15836622610952356
13.349356124343549,0.23432826319825442,0.07755154214046836,0.1746890639472225,0.15932581652624458
13.372412007114436,0.23666580279643207,0.07639655901238449,0.17449824195804317,0.16030297862815485
13.395467889885323,0.23901956429643054,0.07525814114255419,0.17432251608716404,0.1612976965864402
13.41852377265621,0.24138931022557647,0.07413611244421787,0.17416191777209955,0.16230995176889895
13.441579655427097,0.2437747969605547,0.07303029683646389,0.17401647778980003,0.16333972269632668
13.464635538197983,0.24617577483876193,0.07194051830847258,0.17388622622833322,0.1643869850008444
13.48769142096887,0.24859198827644838,0.07086660098188356,0.1737711924584077,0.16545171138623374
13.510747303739757,0.251023175893504,0.06980836917130856,0.17367140510476584,0.16653387159033964
13.533803186510644,0.25346907064473273,0.06876564744301218,0.173586892017475,0.16763343234959752
13.556859069281531,0.2559293999574444,0.06773826067178403,0.17351768024314587,0.16875035736574084
13.579914952052418,0.2584038858751816,0.0667260340960256,0.1734637959961075,0.16988460727474008
13.602970834823305,0.2608922452073855,0.06572879337107625,0.17342526462956792,0.17103613961802258
13.626026717594192,0.26339418968479483,0.06474636462080244,0.17340211060679056,0.17220490881601846
13.649082600365078,0.2659094261203572,0.06377857448747541,0.1733943574723164,0.17339086614407515
13.672138483135965,0.2684376565754249,0.06282525017996224,0.17340202782326147,0.1745939597107794
13.695194365906854,0.27097857853099455,0.0618862195202557,0.17342514328072034,0.17581413443872201
13.718250248677741,0.27353188506373943,0.06096131098836935,0.1734637244613055,0.1770513320477368
13.741306131448628,0.27609726502657916,0.06005035376562233,0.17351779094885286,0.17830549104064303
13.764362014219515,0.2786744032335151,0.05915317777634191,0.17358736126632363,0.17957654669151402
13.787417896990402,0.2812629806484601,0.05826961372800872,0.17367245284793234,0.18086443103649377
13.810473779761288,0.28386267457777803,0.05739949314987186,0.1737730820115313,0.18216907286717784
13.833529662532175,0.28647315886624664,0.056542648430060224,0.17388926393128074,0.18349039772657136
13.856585545303062,0.2890941040961486,0.05569891285121692,0.17402101261063452,0.18482832790763318
13.879641428073949,0.2917251777891929,0.05486812062468346,0.17416834085567018,0.1861827824544114
13.902697310844836,0.29436604461096366,0.05405010692326058,0.17433126024879245,0.1875536771657708
13.925753193615723,0.29701636657759106,0.05324470791257256,0.17450978112283858,0.18894092460171039
13.94880907638661,0.29967580326433546,0.052451760781061875,0.17470391253561338,0.19034443409226318
13.971864959157497,0.3023440120157757,0.051671103768640925,0.1749136622448819,0.1917641117489686
13.994920841928383,0.3050206481572909,0.050902576194027806,0.1751390366838462,0.19319986047890264
14.01797672469927,0.3077053652075249,0.050146018480792656,0.17538004093713339,0.1946515800012475
14.041032607470157,0.3103978150915235,0.04940127218214137,0.1756366787173202,0.1961191668663791
14.064088490241044,0.31309764835423654,0.04866818000446307,0.17590895234201975,0.19760251447744642
14.087144373011931,0.31580451437407897,0.04794658582966797,0.176196862711555,0.19910151311441363
14.110200255782818,0.3185180615762468,0.0472363347363418,0.17650040928724242,0.20061604996053226
14.133256138553705,0.32123793764549,0.04653727301974287,0.17681959007030962,0.202146009131207
14.156312021324592,0.3239637897380469,0.04584924821066814,0.1771544015814686,0.20369127170521556
14.179367904095479,0.3266952646924502,0.04517210909321362,0.17750483884116672,0.20525171575824008
14.202423786866365,0.32943200923892096,0.04450570572145522,0.1778708953505355,0.2068272163986637
14.225479669637254,0.33217367020707317,0.043849889435075166,0.17825256307305748,0.20841764580558358
14.248535552408141,0.33491989473165645,0.04320451287395962,0.1786498324169699,0.21002287326898822
14.271591435179028,0.33767033045607825,0.04256942999179184,0.1790626922184232,0.21164276523204542
14.294647317949915,0.3404246257334442,0.041944496068666626,0.17949112972541087,0.21327718533544204
14.317703200720802,0.3431824298248754,0.041329567722749816,0.17993513058248792,0.21492599446371724
14.340759083491688,0.34594339309486233,0.040724502921007634,0.18039467881629132,0.21658905079352653
14.363814966262575,0.3487071672034279,0.04012916098902972,0.18086975682187828,0.21826620984377226
14.386870849033462,0.3514734052948818,0.0395434026199698,0.18136034534989384,0.2199573245275348
14.40992673180435,0.3542417621829565,0.038967089882627426,0.18186642349458085,0.22166224520573555
14.432982614575236,0.3570118945321286,0.038400086228694126,0.1823879686826428,0.22338081974246252
14.456038497346123,0.35978346103493747,0.03784225649918695,0.1829249566629696,0.2251128935618864
14.47909438011701,0.36255612258512493,0.03729346693009213,0.18347736149723512,0.22685830970669477
14.502150262887897,0.3653295424464314,0.03675358515724117,0.18404515555137418,0.22861690889796976
14.525206145658784,0.36810338641689355,0.03622248022044158,0.18462830948794628,0.23038852959643455
14.54826202842967,0.3708773229885022,0.03570002256688413,0.18522679225939082,0.23217300806499166
14.571317911200557,0.3736510235020879,0.03518608405384792,0.18584057110217947,0.23397017843247728
14.594373793971444,0.37642416229731557,0.034680537950724746,0.18646961153186853,0.2357798727585525
14.617429676742331,0.3791964168576796,0.034183258940383425,0.1871138773390542,0.23760192109965506
14.640485559513218,0.38196746795040215,0.03369412311989482,0.18777333058623222,0.2394361515759318
14.663541442284105,0.38473699976115006,0.03321300800063782,0.1884479316055622,0.24128239043907418
14.686597325054992,0.38750470002349485,0.03273979250780608,0.18913763899753627,0.24314046214097831
14.709653207825879,0.3902702601430548,0.032274356979335415,0.18984240963055063,0.24501018940315017
14.732709090596765,0.3930333753162647,0.031816583164270884,0.19056219864137705,0.2468913932867792
14.755764973367654,0.39579374464373324,0.031366354220592786,0.19129695943653133,0.24878389326340147
14.778820856138541,0.3985510712381571,0.030923554712520226,0.1920466436945338,0.2506875072860753
14.801876738909428,0.40130506232677227,0.03048807060731021,0.19281120136905744,0.25260205186099416
14.824932621680315,0.4040554293483302,0.030059789271570984,0.19359058069295568,0.2545273421194586
14.847988504451202,0.40680188804459994,0.02963859946710671,0.19438472818316466,0.25646319189013467
14.871044387222089,0.409544158546405,0.029224391346311183,0.1951935886464703,0.2584094137715237
14.894100269992975,0.4122819654542134,0.02881705644712754,0.19601710518613255,0.26036581920457136
14.917156152763862,0.4150150379133069,0.028416487687590683,0.19685521920935625,0.2623322185453437
14.94021203553475,0.4177431096835669,0.02802257935996889,0.19770787043559862,0.26430842113770125
14.963267918305636,0.4204659192039191,0.02763522712452067,0.19857499690570227,0.2662942353859009
14.986323801076523,0.42318320965148964,0.027254328002882605,0.19945653499184135,0.2682894688270599
15.00937968384741,0.42589472899553144,0.026879780371103692,0.20035241940826842,0.27029392820341475
15.032435566618297,0.42860023004618736,0.026511483952341285,0.20126258322284912,0.2723074195343121
15.055491449389184,0.431299470498162,0.02614933980923344,0.20218695786936988,0.2743297481878686
15.07854733216007,0.43399221296938223,0.025793250335962224,0.20312547316060478,0.2763607189522395
15.101603214930957,0.4366782250347316,0.025443119250022125,0.2040780573021263,0.2784001361064375
15.124659097701844,0.43935727925494783,0.025098851583707463,0.20504463690684405,0.28044780349064397
15.147714980472731,0.44202915320078084,0.024760353675332424,0.20602513701025538,0.2825035245759591
15.170770863243618,0.4446936294725102,0.024427533160196885,0.20701948108639134,0.2845671025335366
15.193826746014505,0.4473504957149276,0.024100298961311085,0.20802759106444077,0.2866383403030533
15.216882628785392,0.44999954462789266,0.023778561279891797,0.20904938734603468,0.2887170406604631
15.239938511556279,0.45264057397257434,0.02346223158564229,0.21008478882317352,0.29080300628499045
15.262994394327166,0.4552733865734936,0.023151222606828243,0.2111337128967787,0.2928960398253164
15.286050277098052,0.45789779031648525,0.022845448320161305,0.2121960754958495,0.2949959439649161
15.309106159868941,0.4605135981427006,0.022544823940501862,0.21327179109720718,0.29710252148650573
15.332162042639828,0.46312062803877185,0.022249265910392207,0.21436077274580587,0.29921557533556153
15.355217925410715,0.46571870302326657,0.021958691889430816,0.21546293207559275,0.3013349086828739
15.378273808181602,0.4683076511295543,0.02167302074349871,0.21657817933089557,0.30346032498610154
15.401329690952489,0.47088730538521567,0.021392172533848005,0.21770642338831933,0.30559162805029416
15.424385573723375,0.47345750378812074,0.021116068506062752,0.21884757177913178,0.3077286220873529
15.447441456494262,0.47601808927930644,0.020844631078901967,0.22000153071211737,0.3098711117744007
15.47049733926515,0.478568909712781,0.02057778383303427,0.2211682050968796,0.3120189023110357
15.493553222036036,0.48110981782238527,0.020315451499673492,0.22234749856757177,0.3141717994754439
15.516609104806923,0.4836406711858398,0.02005755994912419,0.2235393135070356,0.31632960967934876
15.53966498757781,0.48616133218610547,0.019804036179245855,0.22474355107132754,0.3184921400217771
15.562720870348697,0.48867166797018546,0.019554808303844262,0.22596011121461246,0.32065919834162315
15.585776753119584,0.49117155040549615,0.01930980554099826,0.22718889271440432,0.3228305932689939
15.60883263589047,0.49366085603393045,0.01906895820132994,0.2284297931971342,0.32500613427532105
15.631888518661357,0.4961394660237405,0.018832197676225928,0.22968270916402478,0.3271856317222272
15.654944401432244,0.4986072661193594,0.018599456426017364,0.23094753601725196,0.3293688969091338
15.678000284203131,0.5010641465892858,0.018370667968125736,0.23222416808637328,0.3315557421196024
15.701056166974018,0.5035100021721478,0.018145766865181722,0.23351249865500373,0.33374598066640143
15.724112049744905,0.505944732021066,0.017924688713123704,0.23481241998771932,0.33593942693529094
15.747167932515792,0.5083682396464284,0.017707370129282682,0.23612382335716856,0.33813589642752284
15.770223815286679,0.5107804328571902,0.017493748740459808,0.23744659907137367,0.34033520580105103
15.793279698057566,0.5131812237008111,0.017283763171002768,0.23878063650120143,0.34253717291045177
15.816335580828452,0.5155705284019353,0.017077353030886887,0.2401258241079856,0.34474161684555293
15.839391463599341,0.5179482672999214,0.01687445890380665,0.2414820494712825,0.34694835796877377
15.862447346370228,0.5203143647853223,0.016675022335283295,0.24284919931674032,0.3491572179511766
15.885503229141115,0.5226687492354214,0.016478985820793445,0.24422715954406685,0.35136801980723686
15.908559111912002,0.5250113529489133,0.01628629279392428,0.24561581525507453,0.35358058792833236
15.931614994682889,0.5273421120798322,0.01609688761455989,0.24701505078178806,0.35579474811496153
15.954670877453776,0.5296609665708139,0.01591071555710359,0.24842474971459644,0.3580103276076958
15.977726760224662,0.5319678600857832,0.015727722798740743,0.24984479493043268,0.36022715511687503
16.00078264299555,0.5342627399421526,0.015547856407746436,0.2512750686209652,0.3624450608510556
16.023838525766436,0.5365455570426122,0.015371064331842118,0.25271545232078446,0.3646638765442206
16.046894408537323,0.5388162658065963,0.01519729538660527,0.2541658269355687,0.36688343548176405
16.06995029130821,0.5410748241014984,0.015026499243935829,0.2556260727702149,0.3691035725252609
16.093006174079097,0.5433211931737141,0.014858626420583089,0.2570960695569178,0.3713241241360355
16.116062056849984,0.5455553375795775,0.014693628266736506,0.2585756964831841,0.37354492839754294
16.13911793962087,0.5477772251162667,0.014531456954683754,0.26006483221976673,0.37576582503657613
16.162173822391757,0.5499868267527368,0.014372065467539174,0.26156335494850486,0.3779866554433154
16.185229705162644,0.5521841165607495,0.014215407588045641,0.2630711423900575,0.3802072626902348
16.20828558793353,0.5543690716460549,0.014061437887452703,0.26458807183151595,0.3824274915498827
16.231341470704418,0.5565416720797853,0.013910111714473688,0.26611402015388275,0.38464718851155216
16.254397353475305,0.5587019008301152,0.01376138518432437,0.267648863859406,0.3868662017968591
16.277453236246192,0.5608497436942379,0.013615215167845609,0.2691924790987548,0.3890843813742463
16.30050911901708,0.5629851892307103,0.013471559280712265,0.2707447416980258,0.39130157897243073
16.323565001787966,0.5651082286922104,0.013330375872730551,0.27230552718556944,0.39351764809281303
16.346620884558853,0.567218855958754,0.013191624017225859,0.27387471081862386,0.3957324440208682
16.36967676732974,0.569317067471409,0.01305526350052295,0.2754521676097477,0.3979458238365368
16.392732650100626,0.5714028621665502,0.012921254811520346,0.27703777235304033,0.4001576464236355
16.415788532871513,0.5734762414106889,0.012789559131360526,0.2786313996501402,0.40236777247830746
16.4388444156424,0.5755372089359125,0.012660138323197541,0.2802329239359921,0.4045760645165322
16.461900298413287,0.5775857707759677,0.012532954922063464,0.2818422195043744,0.4067823868807151
16.484956181184174,0.5796219352030147,0.012407972124835015,0.28345916053317743,0.40898660574537615
16.50801206395506,0.581645712665084,0.012285153780301596,0.2850836211094248,0.41118858912195977
16.531067946725948,0.5836571157242582,0.012164464379335863,0.2867154752540302,0.41338820686278427
16.554123829496834,0.5856561589956053,0.012045869045167882,0.28835459694628124,0.4155853306641534
16.57717971226772,0.5876428590868852,0.011929333523763784,0.2900008601480447,0.4177798340686486
16.60023559503861,0.5896172345390475,0.011814824174309775,0.29165413882768476,0.41997159246662435
16.623291477809495,0.5915793057675417,0.011702307959802254,0.293314306983689,0.4221604830969255
16.646347360580386,0.5935290950044556,0.01159175243774471,0.2949812386679957,0.42434638504684835
16.669403243351272,0.5954666262414943,0.01148312575095205,0.2966548080090155,0.42652917925136413
16.69245912612216,0.5973919251738183,0.011376396618462637,0.29833488923434565,0.4287087484916292
16.715515008893046,0.599305019144748,0.011271534326558802,0.3000213566931663,0.43088497739279635
16.738570891663933,0.6012059370913461,0.011168508719895921,0.30171408487831947,0.4330577524211523
16.76162677443482,0.6030947094908876,0.011067290192740449,0.3034129484480619,0.43522696188059884
16.784682657205707,0.6049713683082247,0.010967849680317093,0.3051178222474912,0.43739249590849855
16.807738539976594,0.606835946944052,0.010870158650265294,0.3068285813296388,0.4395542464709041
16.83079442274748,0.6086884801840777,0.010774189094205066,0.30854510097622795,0.44171210735719096
16.853850305518367,0.6105290041491044,0.010679913519412236,0.310267256718092,0.44386597417411283
16.876906188289254,0.6123575562460217,0.010587304940603049,0.31199492435525195,0.4460157443392988
16.89996207106014,0.614174175119713,0.010496336871828013,0.3137279799766487,0.448161317074211
16.923017953831028,0.6159789006058753,0.010406983318474856,0.31546629997952874,0.45030259339658163
16.946073836601915,0.6177717736847549,0.0103192187693804,0.317209761088481,0.4524394761123476
16.969129719372802,0.6195528364357922,0.010233018189051056,0.31895824037412274,0.4545718698071012
16.99218560214369,0.621322131993179,0.010148357009991697,0.320711615271433,0.45669968083707385
17.015241484914576,0.6230797045023223,0.010065211125142519,0.32246976359773255,0.45882281731967217
17.038297367685463,0.6248255990772097,0.009983556880423508,0.32423256357030866,0.460941189123582
17.06135325045635,0.6265598617586742,0.009903371067386101,0.32599989382368444,0.4630547078584585
17.084409133227236,0.6282825394735517,0.009824630915971551,0.32777163342653154,0.4651632868642186
17.107465015998123,0.6299936799947259,0.00974731408737549,0.3295476618982264,0.4672668411999534
17.13052089876901,0.6316933319020526,0.009671398667018147,0.331327859225049,0.4693652876324747
17.153576781539897,0.633381544544158,0.009596863157619658,0.33311210587602547,0.4714585446245139
17.176632664310784,0.6350583680011023,0.009523686472379824,0.3349002828184128,0.47354653232258714
17.19968854708167,0.6367238530479005,0.00945184792826172,0.336692271532828,0.47562917254454273
17.222744429852558,0.638378051118892,0.00938132723937845,0.33848795402802156,0.47770638876680627
17.245800312623444,0.6400210142729498,0.009312104510482361,0.3402872128552951,0.4797781061113371
17.26885619539433,0.6416527951595195,0.009244160230556025,0.34208993112256575,0.48184425133231157
17.29191207816522,0.6432734469854788,0.009177475266504196,0.343895992508077,0.48390475280254674
17.314967960936105,0.6448830234828075,0.00911203085694601,0.34570528127375866,0.4859595404996779
17.338023843706992,0.6464815788770558,0.009047808606106628,0.34751768227823565,0.48800854599210425
17.36107972647788,0.6480691678566036,0.008984790477807515,0.34933308098948895,0.4900517024247156
17.384135609248766,0.6496458455426956,0.008922958789554541,0.3511513634971696,0.492088944504412
17.407191492019653,0.6512116674602443,0.00886229620672304,0.3529724165245671,0.49412020848543065
17.43024737479054,0.6527666895093882,0.008802785736838995,0.35479612744023575,0.49614543215449103
17.453303257561426,0.6543109679377939,0.00874441072395546,0.35662238426927945,0.4981645548157699
17.476359140332313,0.6558445593136891,0.008687154843123343,0.3584510757042983,0.5001775172757196
17.4994150231032,0.657367520499618,0.008631002094955665,0.3602820911159992,0.5021842618277387
17.522470905874087,0.6588799086269022,0.008575936800284355,0.36211532056347245,0.5041847322367081
17.545526788644974,0.6603817810708003,0.008521943594908711,0.3639506548041376,0.5061788737234016
17.56858267141586,0.6618731954263499,0.008469007424434566,0.3657879853033606,0.5081666329487828
17.591638554186748,0.6633542094848827,0.008417113539203238,0.3676272042437463,0.5101479579981975
17.614694436957635,0.6648248812111979,0.008366247489309349,0.36946820453410717,0.5121227983654717
17.63775031972852,0.6662852687213848,0.008316395119706527,0.3713108798181134,0.5140911049369261
17.66080620249941,0.6677354302612794,0.00826754256540008,0.373155124482626,0.5160528299753137
17.683862085270295,0.6691754241855443,0.008219676246725668,0.37500083366571657,0.5180079271036916
17.706917968041182,0.6706053089373603,0.00817278286471303,0.37684790326437706,0.5199563512892365
17.729973850812073,0.6720251430287149,0.008126849396533796,0.3786962299419226,0.521898058827009
17.75302973358296,0.6734349850212791,0.008081863091032468,0.38054571113509,0.5238330073236787
17.776085616353846,0.6748348935078577,0.008037811464339512,0.3823962450608385,0.5257611556812161
17.799141499124733,0.676224927094403,0.00799468229556573,0.3842477307228512,0.5276824640805594
17.82219738189562,0.6776051443825769,0.007952463622576861,0.386100067917745,0.5295968939652632
17.845253264666507,0.6789756039528545,0.007911143737847499,0.3879531572409907,0.5315044080251371
17.868309147437394,0.6803363643481524,0.007870711184393336,0.38980690009254715,0.5334049701798806
17.89136503020828,0.6816874840579727,0.007831154751780832,0.39166119868221316,0.5352985455627223
17.914420912979168,0.6830290215030524,0.0077924634722133035,0.3935159560347012,0.5371851005040666
17.937476795750054,0.6843610350205018,0.007754626616692533,0.39537107599443605,0.539064602515159
17.96053267852094,0.6856835828494269,0.00771763369125493,0.39722646323008254,0.5409370202717714
17.98358856129183,0.6869967231170195,0.007681474433281323,0.3990820232388062,0.5428023235979164
18.006644444062715,0.6883005138251072,0.00764613880787944,0.40093766235027045,0.5446604834495948
18.029700326833602,0.6895950128371493,0.007611617004338162,0.40279328773037437,0.5465114718985817
18.05275620960449,0.6908802778656721,0.007577899432652628,0.4046488073847344,0.5483552621162567
18.075812092375376,0.6921563664601278,0.007544976720119269,0.4065041301619151,0.5501918283574834
18.098867975146263,0.6934233359951707,0.0075128397079998865,0.408359165756411,0.5520211459445418
18.12192385791715,0.694681243659338,0.007481479448253852,0.4102138247113851,0.5538431912511205
18.144979740688036,0.6959301464441257,0.0074508872003375545,0.4120680184211672,0.5556579416863698
18.168035623458923,0.6971701011334492,0.007421054428070211,0.4139216591335158,0.5574653756790233
18.19109150622981,0.69840116429348,0.00739197279656515,0.4157746599516481,0.5592654726615893
18.214147389000697,0.6996233922628458,0.007363634169225728,0.4176269348360411,0.5610582130546179
18.237203271771584,0.7008368411431877,0.00733603060480499,0.4194783986060088,0.5628435782510453
18.26025915454247,0.7020415667900631,0.00730915435452826,0.42132896694105876,0.5646215506006215
18.283315037313358,0.7032376248041853,0.0072829978592777855,0.4231785563820318,0.5663921133944221
18.306370920084245,0.7044250705229905,0.007257553746838638,0.42502708433202885,0.5681552508494491
18.32942680285513,0.7056039590125245,0.007232814829205031,0.4268744690571296,0.5699109480933228
18.35248268562602,0.7067743450596382,0.0072087740999462495,0.4287206296869056,0.5716591911490682
18.375538568396905,0.7079362831644849,0.007185424731631393,0.4305654862147322,0.5733999669199984
18.398594451167792,0.7090898275333098,0.007162760073312134,0.4324089594979035,0.5751332631746975
18.42165033393868,0.7102350320715247,0.00714077364806273,0.43425097125755374,0.5768590685321052
18.444706216709566,0.7113719503770577,0.007119459150576495,0.43609144407838907,0.5785773724467065
18.467762099480453,0.7125006357339719,0.00709881044481799,0.4379303014082332,0.5802881651938268
18.49081798225134,0.7136211411063441,0.007078821561730183,0.43976746755739116,0.581991437855036
18.513873865022227,0.7147335191323954,0.007059486696995826,0.4416028676978348,0.5836871823036633
18.536929747793113,0.7158378221188673,0.007040800208852347,0.44343642786221327,0.5853753911904234
18.559985630564,0.7169341020356355,0.007022756615959519,0.4452680749426929,0.5870560579291562
18.583041513334887,0.7180224105105528,0.007005350595319218,0.4470977366896296,0.5887291766826835
18.606097396105774,0.7191027988245168,0.0069885769802465626,0.4489253417100775,0.5903947423487808
18.62915327887666,0.7201753179067517,0.006972430758391773,0.45075081946613765,0.592052750546267
18.652209161647548,0.7212400183303012,0.006956907069812055,0.4525741002731505,0.5937031976012156
18.675265044418435,0.7222969503077225,0.006942001205092868,0.4543951152977347,0.5953460805332832
18.69832092718932,0.7233461636869776,0.0069277086035179234,0.45621379655567723,0.5969813970421621
18.72137680996021,0.724387707947514,0.006914024851287276,0.45803007690967734,0.5986091454941533
18.744432692731095,0.7254216321965273,0.006900945679782878,0.45984389006694754,0.6002293249088638
18.767488575501982,0.726447985165404,0.006888466963880995,0.4616551705766764,0.6018419349460276
18.790544458272873,0.7274668152063328,0.006876584720310872,0.46346385382735483,0.6034469758924502
18.81360034104376,0.7284781702890825,0.0068652951060590595,0.4652698760439698,0.6050444486490796
18.836656223814646,0.7294820979979402,0.006854594416818811,0.46707317428507056,0.6066343547182024
18.859712106585533,0.7304786455288028,0.006844479085484015,0.46887368643970717,0.6082166961907651
18.88276798935642,0.7314678596864177,0.006834945680687064,0.47067135122424764,0.6097914757338232
18.905823872127307,0.7324497868817662,0.006825990905380143,0.472466108179075,0.611358696578115
18.928879754898194,0.7334244731295858,0.006817611595459393,0.47425789766516885,0.6129183625057637
18.95193563766908,0.7343919640460251,0.006809804718431427,0.4760466608605732,0.6144704778381052
18.974991520439968,0.7353523048464272,0.006802567372121691,0.47783233975675465,0.6160150474236439
18.998047403210855,0.7363055403432355,0.006795896783424159,0.4796148771548536,0.6175520766261346
19.02110328598174,0.7372517149440191,0.006789790307091892,0.48139421666183124,0.6190815713127911
19.04415916875263,0.7381908726496113,0.006784245424567964,0.48317030268651545,0.620603537842622
19.067215051523515,0.7391230570523576,0.006779259742856293,0.4849430804355493,0.6221179830548927
19.090270934294402,0.740048311334469,0.006774830993431935,0.48671249590924337,0.6236249142577136
19.11332681706529,0.7409666782664752,0.006770957031190369,0.4884784958973364,0.6251243392167538
19.136382699836176,0.7418782002057751,0.006767635833435372,0.49024102797466595,0.6266162661440817
19.159438582607063,0.7427829190952793,0.00676486549890503,0.49200004049675256,0.6281007036871293
19.18249446537795,0.7436808764621408,0.0067626442468354964,0.49375548259529944,0.6295776609177816
19.205550348148837,0.7445721134165701,0.006760970416062083,0.49550730417361116,0.6310471473215908
19.228606230919723,0.745456670650732,0.006759842464157296,0.497255455901933,0.6325091727871139
19.25166211369061,0.7463345884377178,0.006759258966605445,0.4989998892127144,0.6339637475953729
19.274717996461497,0.7472059066305918,0.006759218616013436,0.500740556295799,0.6354108824094383
19.297773879232384,0.7480706646615081,0.006759720221357421,0.5024774100935435,0.6368505882641338
19.32082976200327,0.748928901540892,0.006760762707264924,0.5042104042958667,0.6382828765558627
19.343885644774158,0.7497806558566871,0.006762345113332116,0.5059394933352341,0.6397077590325544
19.366941527545045,0.7506259657736593,0.0067644665934759336,0.5076646323815777,0.6411252477837305
19.38999741031593,0.75146486903276,0.006767126415320687,0.5093857773371538,0.6425353552306903
19.41305329308682,0.7522974029505408,0.006770323959618874,0.511102884831343,0.6439380941168136
19.436109175857705,0.7531236044186204,0.006774058719705905,0.5128159122153921,0.6453334774979813
19.459165058628592,0.7539435099031971,0.006778330300988432,0.5145248175571014,0.6467215187331125
19.48222094139948,0.7547571554446082,0.006783138420466032,0.5162295596354605,0.6481022314748162
19.505276824170366,0.7555645766569288,0.006788482906285951,0.5179300979352318,0.6494756296601585
19.528332706941253,0.7563658087276122,0.006794363697330677,0.5196263926414889,0.6508417275015428
19.55138858971214,0.7571608864171651,0.006800780842838071,0.521318404634105,0.6522005394777024
19.574444472483027,0.7579498440588571,0.006807734502053841,0.5230060954822,0.6535520803248057
19.597500355253914,0.7587327155584619,0.006815224943916113,0.5246894274385446,0.6548963650276707
19.6205562380248,0.7595095343940269,0.006823252546771889,0.5263683634339236,0.65623340881109
19.643612120795687,0.76028033361567,0.0068318177981251905,0.5280428670714616,0.6575632271312641
19.666668003566574,0.7610451458453997,0.006840921294416669,0.5297129026209125,0.6588858356673417
19.68972388633746,0.7618040032769576,0.006850563740834515,0.5313784350129135,0.6602012503130669
19.712779769108348,0.762556937675681,0.006860745951156476,0.5330394298332067,0.6615094871685314
19.735835651879235,0.7633039803783817,0.0068714688476228004,0.5346958533168308,0.6628105625320313
19.75889153465012,0.7640451622932417,0.006882733460839973,0.5363476723422814,0.6641044928920258
19.78194741742101,0.7647805138997213,0.006894540929715061,0.5379948544256459,0.6653912949191991
19.805003300191895,0.7655100652484792,0.006906892501420548,0.5396373677147106,0.6666709854586224
19.828059182962782,0.7662338459613008,0.006919789531389504,0.5412751809830447,0.6679435815220153
19.85111506573367,0.7669518852310362,0.0069332334833409805,0.5429082636240614,0.6692091002801058
19.87417094850456,0.7676642118215412,0.006947225929335508,0.5445365856450571,0.6704675590550887
19.897226831275447,0.7683708540676244,0.006961768549860575,0.5461601176612314,0.6717189753131768
19.920282714046333,0.769071839874995,0.00697686313394602,0.5477788308896895,0.672963366657251
19.94333859681722,0.7697671967202117,0.006992511579309216,0.5493926971434266,0.6742007508196016
19.966394479588107,0.7704569516506302,0.007008715892529973,0.5510016888252982,0.6754311456547623
19.989450362358994,0.7711411312843477,0.007025478189255097,0.5526057789219748,0.6766545691324357
20.01250624512988,0.7718197618101424,0.007042800694432527,0.5542049409978862,0.6778710393305095
20.035562127900768,0.7724928689874082,0.007060685742575004,0.5557991491891524,0.6790805744281598
20.058618010671655,0.7731604781460808,0.007079135778053206,0.5573883781975055,0.6802831926990439
20.08167389344254,0.7738226141865547,0.007098153355418339,0.5589726032842027,0.6814789125045784
20.10472977621343,0.7744793015795913,0.007117741139754122,0.5605518002639316,0.6826677522873017
20.127785658984315,0.775130564366213,0.007137901907058158,0.5621259454987089,0.6838497305643224
20.150841541755202,0.7757764261575851,0.007158638544652681,0.563695015891774,0.6850248659208483
20.17389742452609,0.7764169101348845,0.007179954051624656,0.5652589888814787,0.686193177003798
20.196953307296976,0.7770520390491497,0.007201851539295246,0.5668178424351739,0.6873546825154921
20.220009190067863,0.7776818352211163,0.007224334231718655,0.568371555043093,0.6885094012074237
20.24306507283875,0.7783063205410333,0.0072474054662103535,0.5699201057122365,0.6896573518741059
20.266120955609637,0.7789255164684592,0.007271068693904716,0.5714634739602549,0.6907985533469974
20.289176838380524,0.7795394440320382,0.007295327480342122,0.5730016398093332,0.6919330244885005
20.31223272115141,0.7801481238292549,0.007320185506085523,0.5745345837800778,0.6930607841860358
20.335288603922297,0.7807515760261653,0.007345646567366566,0.5760622868854054,0.6941818513461884
20.358344486693184,0.7813498203571037,0.007371714576761293,0.5775847306244362,0.6952962448889254
20.38140036946407,0.7819428761243654,0.0073983935638955115,0.5791018969763917,0.6964039837418838
20.404456252234958,0.7825307621978629,0.007425687676179883,0.580613768394498,0.6975050868347282
20.427512135005845,0.7831134970147543,0.0074536011795748236,0.5821203277998948,0.6985995730935755
20.45056801777673,0.7836910985790447,0.007482138459385299,0.5836215585755522,0.6996874614354857
20.47362390054762,0.7842635844611578,0.007511304021085608,0.5851174445601951,0.7007687707630197
20.496679783318505,0.7848309717974778,0.007541102491174253,0.5866079700422355,0.7018435199588597
20.519735666089392,0.7853932772898604,0.007571538618059016,0.588093119753715,0.7029117278804936
20.54279154886028,0.7859505172051116,0.007602617272972345,0.5895728788642565,0.7039734133549598
20.565847431631166,0.7865027073744347,0.0076343434509171795,0.5910472329750267,0.7050285951736541
20.588903314402053,0.7870498631928431,0.007666722271643354,0.59251616811271,0.7060772920871949
20.61195919717294,0.7875919996185387,0.007699758980654703,0.593979670723494,0.707119522800347
20.635015079943827,0.7881291311722556,0.00773345895024703,0.595437727667067,0.7081553059670012
20.658070962714714,0.7886612719365677,0.007767827680577067,0.5968903262106298,0.7091846601852118
20.6811268454856,0.7891884355551594,0.007802870800762622,0.5983374540229192,0.7102076039922866
20.704182728256487,0.7897106352320593,0.007838594070014051,0.5997790991682469,0.7112241558599313
20.727238611027374,0.7902278837308353,0.007875003378797233,0.6012152501005523,0.7122343341894458
20.75029449379826,0.7907401933737511,0.007912104750028251,0.6026458956574706,0.7132381573069718
20.773350376569148,0.7912475760408826,0.007949904340299926,0.6040710250544161,0.7142356434587902
20.796406259340035,0.7917500431691953,0.007988408441140451,0.6054906278786814,0.7152268108066666
20.819462142110922,0.7922476057515789,0.008027623480304278,0.606904694083553,0.7162116774232458
20.84251802488181,0.7927402743358425,0.008067556023095496,0.608313213982444,0.7171902612874912
20.865573907652696,0.7932280590236657,0.008108212773723908,0.6097161782430427,0.7181625802801708
20.888629790423582,0.7937109694695083,0.008149600576694024,0.6111135778814801,0.7191286521793866
20.91168567319447,0.7941890148794758,0.008191726418227208,0.6125054042565141,0.720088494656147
20.93474155596536,0.7946622040101416,0.008234597427717209,0.6138916490637322,0.7210421252699823
20.957797438736247,0.7951305451673241,0.008278220879219287,0.6152723043297721,0.721989561464599
20.980853321507134,0.7955940462048189,0.008322604192973293,0.616647362406562,0.7229308205635766
21.00390920427802,0.7960527145230862,0.008367754936960783,0.6180168159655792,0.7238659197661
21.026965087048907,0.7965065570678912,0.008413680828496596,0.619380657992127,0.7247948761427326
21.050020969819794,0.7969555803288977,0.008460389735855046,0.6207388817796328,0.7257177066312231
21.07307685259068,0.7973997903382162,0.008507889679931073,0.6220914809239642,0.7266344280323496
21.096132735361568,0.7978391926689027,0.008556188835936597,0.6234384493177659,0.7275450570057971
21.119188618132455,0.7982737924334107,0.008605295535132378,0.6247797811448165,0.7284496100660693
21.14224450090334,0.7987035942819947,0.008655218266595668,0.6261154708744042,0.7293481035784316
21.16530038367423,0.799128602401064,0.008705965679023948,0.6274455132557253,0.7302405537548857
21.188356266445115,0.7995488205114886,0.008757546582575071,0.6287699033123001,0.731126976650175
21.211412149216002,0.7999642518668545,0.008809969950744121,0.6300886363364123,0.7320073881578184
21.23446803198689,0.8003748992516695,0.00886324492227728,0.6314017078835665,0.7328818040061726
21.257523914757776,0.800780764979519,0.00891738080312305,0.6327091137669685,0.7337502397545218
21.280579797528663,0.8011818508911702,0.008972387068421163,0.6340108500520246,0.734612710789193
21.30363568029955,0.8015781583526264,0.009028273364529485,0.6353069130508638,0.7354692323196971
21.326691563070437,0.801969688253129,0.009085049511089287,0.636597299316879,0.7363198193748939
21.349747445841324,0.8023564410031092,0.009142725503129199,0.6378820056392901,0.7371644867991802
21.37280332861221,0.8027384165320871,0.009201311513208224,0.6391610290377286,0.738003249248701
21.395859211383097,0.8031156142865182,0.00926081789359815,0.6404343667568421,0.7388361211875805
21.418915094153984,0.8034880332275888,0.009321255178505721,0.6417020162609202,0.7396631168841747
21.44197097692487,0.8038556718289581,0.009382634086334956,0.6429639752285421,0.7404842504073439
21.465026859695758,0.8042185280744479,0.009444965521989954,0.6442202415472439,0.7412995356227416
21.488082742466645,0.8045765994556792,0.009508260579218601,0.6454708133082081,0.7421089861891237
21.511138625237532,0.8049298829696555,0.009572530542997516,0.6467156888009729,0.7429126155546718
21.53419450800842,0.8052783751162941,0.009637786891958666,0.647954866508163,0.7437104369533348
21.557250390779306,0.8056220718959018,0.009704041300858009,0.649188345100241,0.7445024634011836
21.580306273550192,0.8059609688066001,0.009771305643086585,0.6504161234302792,0.7452887076927802
21.60336215632108,0.8062950608416938,0.009839591993224423,0.6516382005287523,0.7460691823975608
21.626418039091966,0.8066243424869887,0.009908912629637714,0.6528545755983504,0.7468438998562303
21.649473921862853,0.8069488077180539,0.00997928003711962,0.6540652480088126,0.7476128721771689
21.67252980463374,0.8072684499974312,0.010050706909575132,0.6552702172917805,0.7483761112328488
21.695585687404627,0.807583262271791,0.01012320615275044,0.656469483135672,0.7491336286562611
21.718641570175514,0.8078932369690339,0.010196790887007165,0.6576630453805752,0.7498854358373519
21.7416974529464,0.8081983659953396,0.010271474450141935,0.6588509040131617,0.7506315439194657
21.764753335717288,0.8084986407321613,0.010347270400251709,0.6600330591616203,0.7513719637957975
21.787809218488174,0.808794052033168,0.010424192518645264,0.6612095110906095,0.7521067061058504
21.81086510125906,0.8090845902211327,0.010502254812801322,0.66238026019623,0.7528357812318995
21.833920984029948,0.809370245084767,0.010581471519373699,0.6635453070010153,0.7535591992954612
21.856976866800835,0.8096510058755042,0.010661857107243955,0.6647046521489429,0.7542769701537667
21.880032749571722,0.8099268613042285,0.010743426280621977,0.665858296400463,0.754989103396238
21.90308863234261,0.8101977995379525,0.010826193982194927,0.667006240627546,0.7556956083409693
21.926144515113496,0.8104638081964411,0.010910175396325007,0.6681484858087487,0.7563964940312078
21.949200397884383,0.8107248743487859,0.01099538595229649,0.6692850330242989,0.757091769231838
21.97225628065527,0.8109809845099254,0.011081841327612479,0.6704158834511971,0.757781442425866
21.995312163426156,0.8112321246371157,0.011169557451341811,0.6715410383583369,0.7584655218109037
22.018368046197047,0.8114782801263495,0.0112585505075166,0.6726604991016425,0.7591440152956535
22.041423928967934,0.811719435808725,0.011348836938580784,0.6737742671192222,0.7598169304963901
22.06447981173882,0.8119555759467653,0.011440433448890312,0.6748823439265419,0.7604842747334429
22.087535694509707,0.8121866842306867,0.01153335700826519,0.675984731111613,0.761146055027674
22.110591577280594,0.8124127437746207,0.011627624855594001,0.6770814303301966,0.7618022780969536
22.13364746005148,0.8126337371127846,0.011723254502491308,0.6781724433010262,0.7624529503526329
22.156703342822368,0.8128496461956071,0.01182026373700836,0.6792577718010441,0.7630980778960115
22.179759225593255,0.8130604523858045,0.011918670627397612,0.6803374176606548,0.7637376665148006
22.202815108364142,0.8132661364544128,0.012018493525931439,0.6814113827589936,0.7643717216795813
22.22587099113503,0.8134666785767719,0.012119751072775558,0.6824796690192104,0.7650002485402569
22.248926873905916,0.813662058328466,0.012222462199917539,0.6835422784037688,0.7656232519224986
22.271982756676802,0.8138522546812208,0.012326646135150913,0.6845992129097589,0.7662407363241843
22.29503863944769,0.814037245998755,0.012432322406115253,0.6856504745642258,0.7668527059118314
22.318094522218576,0.8142170100325926,0.01253951084439272,0.686696065419511,0.7674591645170203
22.341150404989463,0.8143915239178313,0.012648231589661453,0.6877359875486088,0.7680601156328111
22.36420628776035,0.8145607641688719,0.012758505093906296,0.6887702430405348,0.7686555624101503
22.387262170531237,0.8147247066751088,0.012870352125687214,0.6897988339957095,0.7692455076542704
22.410318053302124,0.8148833266965809,0.012983793774465863,0.6908217625213531,0.7698299538210782
22.43337393607301,0.8150365988595875,0.013098851454990729,0.6918390307268938,0.7704089030135352
22.456429818843898,0.8151844971522665,0.013215546911741196,0.6928506407193892,0.7709823569780262
22.479485701614784,0.8153269949201403,0.013333902223431013,0.6938565945989581,0.7715503171007193
22.50254158438567,0.8154640648616267,0.013453939807571475,0.6948568944542257,0.772112784403914
22.525597467156558,0.8155956790235197,0.013575682425094769,0.6958515423577795,0.7726697595423783
22.548653349927445,0.8157218087964394,0.013699153185037817,0.6968405403616363,0.7732212427996761
22.571709232698332,0.8158424249102529,0.013824375549287008,0.6978238904927214,0.7737672340844812
22.59476511546922,0.8159574974294697,0.013951373337384148,0.6988015947483565,0.774307732926881
22.617820998240106,0.8160669957486094,0.014080170731394016,0.6997736550917596,0.774842738474668
22.640876881010993,0.8161708885875486,0.014210792280833818,0.7007400734475544,0.775372249489619
22.66393276378188,0.8162691439868438,0.01434326290766489,0.7017008516972892,0.7758962643437628
22.686988646552766,0.8163617293030354,0.01447760791134695,0.702655991674966,0.776414781015635
22.710044529323653,0.8164486112039335,0.014613852973955193,0.7036054951625776,0.776927797086521
22.73310041209454,0.8165297556638881,0.01475202416536054,0.7045493638856561,0.7774353097366864
22.756156294865427,0.8166051279590452,0.014892147948473256,0.7054875995088269,0.7779373157415947
22.779212177636314,0.8166746926625915,0.01503425118455024,0.7064202036313736,0.7784338114681137
22.8022680604072,0.81673841363999,0.015178361138566203,0.7073471777828099,0.7789247928707078
22.825323943178088,0.816796254044208,0.015324505484648948,0.7082685234184596,0.7794102554876193
22.848379825948975,0.8168481763109415,0.015472712311578962,0.7091842419150449,0.779890194437037
22.87143570871986,0.8168941421538372,0.015623010128353487,0.7100943345662805,0.7803646044132526
22.89449159149075,0.8169341125597147,0.01577542786981526,0.7109988025784763,0.7808334796828051
22.917547474261635,0.8169680477837935,0.015929994902346006,0.7118976470661467,0.7812968140806141
22.940603357032522,0.8169959073449249,0.01608674102962487,0.7127908690476257,0.7817546010061001
22.96365923980341,0.8170176500208333,0.016245696498451815,0.7136784694406898,0.7822068334192945
22.986715122574296,0.8170332338433703,0.01640689200463611,0.7145604490581855,0.7826535038369387
23.009771005345183,0.8170426160937838,0.016570358698949902,0.7154368086036642,0.7830946043285717
23.03282688811607,0.8170457532980046,0.016736128193146918,0.7163075486670218,0.7835301265126074
